Date,Open,High,Low,Close,Volume,Change
2022-01-03,5680,5780,5660,5680,2071932,0.0017636684303350414
2022-01-04,5660,5780,5610,5740,3030210,0.010563380281690238
2022-01-05,5710,5900,5700,5780,5298749,0.006968641114982521
2022-01-06,5720,5980,5710,5880,6885463,0.01730103806228378
2022-01-07,5910,5920,5790,5880,3358943,0.0
2022-01-10,5850,5960,5840,5900,3117209,0.00340136054421758
2022-01-11,5880,5930,5810,5870,3039570,-0.005084745762711895
2022-01-12,5850,5870,5750,5790,3821927,-0.013628620102214661
2022-01-13,5790,5820,5710,5740,3106913,-0.008635578583765069
2022-01-14,5700,5780,5640,5670,3635506,-0.012195121951219523
2022-01-17,5630,5690,5510,5530,2870736,-0.024691358024691357
2022-01-18,5540,5570,5400,5410,2627517,-0.02169981916817365
2022-01-19,5370,5510,5350,5450,2703315,0.007393715341959428
2022-01-20,5440,5520,5420,5480,1635450,0.005504587155963359
2022-01-21,5430,5570,5410,5520,2357300,0.007299270072992803
2022-01-24,5520,5580,5370,5390,2711568,-0.023550724637681153
2022-01-25,5400,5430,5210,5230,3612502,-0.029684601113172504
2022-01-26,5200,5340,5200,5260,2651472,0.005736137667303964
2022-01-27,5260,5280,5070,5080,4834899,-0.034220532319391594
2022-01-28,5100,5200,5020,5180,3380139,0.019685039370078705
2022-02-03,5250,5370,5230,5310,2775958,0.025096525096525157
2022-02-04,5300,5450,5300,5440,2529924,0.024482109227871973
2022-02-07,5410,5500,5350,5460,2156916,0.003676470588235281
2022-02-08,5490,5570,5400,5440,2250196,-0.00366300366300365
2022-02-09,5480,5520,5440,5500,1398591,0.011029411764705843
2022-02-10,5510,5660,5500,5630,3858750,0.023636363636363678
2022-02-11,5540,5570,5460,5470,2375239,-0.028419182948490218
2022-02-14,5320,5430,5320,5320,2053845,-0.027422303473491727
2022-02-15,5340,5380,5200,5220,2493073,-0.018796992481203034
2022-02-16,5350,5460,5320,5440,2220850,0.04214559386973171
2022-02-17,5470,5550,5390,5490,2837861,0.009191176470588314
2022-02-18,5420,5570,5410,5550,2309357,0.010928961748633892
2022-02-21,5460,5590,5430,5560,1923054,0.0018018018018017834
2022-02-22,5440,5650,5420,5560,3606915,0.0
2022-02-23,5640,5930,5600,5930,13954911,0.06654676258992809
2022-02-24,5950,5990,5720,5750,9810777,-0.030354131534570006
2022-02-25,5880,5940,5730,5750,6000733,0.0
2022-02-28,5610,5870,5600,5820,7549789,0.012173913043478368
2022-03-02,5840,6180,5840,6050,13603643,0.03951890034364269
2022-03-03,6100,6100,5950,5990,5911795,-0.00991735537190086
2022-03-04,5970,6070,5960,6020,4774921,0.005008347245408995
2022-03-07,5940,6040,5880,5940,5216328,-0.013289036544850474
2022-03-08,5900,6040,5770,5770,6181155,-0.028619528619528656
2022-03-10,5820,5890,5720,5810,3613473,0.006932409012131657
2022-03-11,5810,5880,5760,5860,2774008,0.008605851979345935
2022-03-14,5670,5900,5660,5800,3596174,-0.010238907849829393
2022-03-15,5790,5800,5510,5530,5870356,-0.04655172413793107
2022-03-16,5580,5590,5500,5530,2822499,0.0
2022-03-17,5580,5650,5500,5510,5157506,-0.003616636528028905
2022-03-18,5530,5580,5510,5530,2496810,0.003629764065335772
2022-03-21,5560,5630,5520,5530,2279858,0.0
2022-03-22,5550,5740,5550,5700,4842714,0.030741410488245968
2022-03-23,5730,5730,5650,5690,2403611,-0.0017543859649122862
2022-03-24,5650,5710,5610,5710,2341344,0.0035149384885764245
2022-03-25,5690,5730,5660,5690,1738400,-0.003502626970227629
2022-03-28,5700,5790,5690,5700,2944147,0.0017574692442883233
2022-03-29,5700,5740,5650,5680,2207544,-0.0035087719298245723
2022-03-30,5730,5770,5680,5700,2419900,0.0035211267605634866
2022-03-31,5670,5770,5670,5680,2315716,-0.0035087719298245723
2022-04-01,5650,5670,5590,5630,1901502,-0.008802816901408494
2022-04-04,5620,5690,5570,5670,1835565,0.007104795737122638
2022-04-05,5660,5680,5630,5660,1468933,-0.0017636684303351524
2022-04-06,5630,5650,5570,5570,1973820,-0.01590106007067138
2022-04-07,5540,5540,5410,5410,3319024,-0.02872531418312385
2022-04-08,5480,5550,5400,5450,2782771,0.007393715341959428
2022-04-11,5430,5550,5410,5550,2120051,0.0183486238532109
2022-04-12,5520,5690,5490,5550,3166430,0.0
2022-04-13,5600,6000,5590,5990,12459788,0.07927927927927936
2022-04-14,5990,6300,5920,6140,16674819,0.025041736227044975
2022-04-15,6110,6280,6060,6240,8985450,0.016286644951140072
2022-04-18,6250,6310,6120,6190,4712257,-0.008012820512820484
2022-04-19,6180,6370,6110,6350,9223336,0.025848142164781818
2022-04-20,6370,6380,6130,6210,5876578,-0.022047244094488216
2022-04-21,6210,6240,6050,6180,6555740,-0.004830917874396157
2022-04-22,6400,6450,6120,6150,13688889,-0.004854368932038833
2022-04-25,6020,6180,6010,6050,4635941,-0.016260162601625994
2022-04-26,6110,6130,6020,6070,3378550,0.0033057851239668423
2022-04-27,5970,6190,5960,6090,4734278,0.0032948929159801743
2022-04-28,6110,6210,6040,6150,3811757,0.009852216748768461
2022-04-29,6160,6170,6040,6060,3035056,-0.014634146341463428
2022-05-02,6000,6090,5990,6030,2610092,-0.004950495049504955
2022-05-03,6020,6070,5900,5910,3403049,-0.01990049751243783
2022-05-04,5900,5940,5830,5850,3147679,-0.010152284263959421
2022-05-06,5790,5930,5780,5840,3127867,-0.0017094017094017033
2022-05-09,5810,5820,5700,5720,2861204,-0.020547945205479423
2022-05-10,5660,5700,5570,5680,3014740,-0.006993006993006978
2022-05-11,5680,5690,5570,5580,2816511,-0.017605633802816878
2022-05-12,5550,5690,5540,5550,3674178,-0.005376344086021501
2022-05-13,5560,5680,5560,5660,3002663,0.01981981981981984
2022-05-16,5670,5680,5600,5650,2053557,-0.0017667844522968323
2022-05-17,5640,5720,5510,5610,4853880,-0.0070796460176991705
2022-05-18,5630,5660,5530,5550,3356122,-0.010695187165775444
2022-05-19,5450,5520,5430,5460,4312141,-0.01621621621621616
2022-05-20,5480,5580,5470,5580,2203226,0.0219780219780219
2022-05-23,5620,5620,5510,5590,1814510,0.0017921146953405742
2022-05-24,5560,5670,5550,5570,2537652,-0.003577817531305927
2022-05-25,5540,5590,5530,5580,2042272,0.0017953321364452268
2022-05-26,5550,5670,5540,5660,2959132,0.014336917562723928
2022-05-27,5700,5790,5650,5770,3079230,0.019434628975264934
2022-05-30,5830,5850,5760,5770,1923236,0.0
2022-05-31,5820,5930,5790,5930,6856798,0.02772963604852685
2022-06-02,5930,5950,5820,5950,3819845,0.003372681281618828
2022-06-03,5940,5960,5860,5930,1766048,-0.003361344537815114
2022-06-07,5930,6000,5880,5920,2377406,-0.001686340640809414
2022-06-08,5920,5990,5910,5980,2566234,0.010135135135135087
2022-06-09,5960,6050,5920,6030,3624853,0.008361204013378032
2022-06-10,5990,6070,5930,5970,2133547,-0.00995024875621886
2022-06-13,5870,5900,5750,5770,3318284,-0.03350083752093802
2022-06-14,5680,5790,5620,5720,3559272,-0.008665511265164683
2022-06-15,5680,5740,5450,5480,5120411,-0.04195804195804198
2022-06-16,5580,5720,5540,5560,3226682,0.014598540145985384
2022-06-17,5470,5780,5400,5700,4249268,0.02517985611510798
2022-06-20,5770,5790,5540,5570,2586411,-0.02280701754385961
2022-06-21,5650,5990,5570,5930,6019549,0.06463195691202883
2022-06-22,5960,6230,5910,5930,18689762,0.0
2022-06-23,6040,6070,5750,5750,8148546,-0.030354131534570006
2022-06-24,5760,5900,5660,5810,4279876,0.01043478260869568
2022-06-27,5860,6010,5850,5920,4055812,0.018932874354561147
2022-06-28,5910,6010,5860,5940,3341812,0.0033783783783782884
2022-06-29,5890,6060,5860,5870,5565987,-0.011784511784511786
2022-06-30,5900,6150,5860,6070,11767916,0.03407155025553665
2022-07-01,6080,6100,5870,5950,5854601,-0.01976935749588138
2022-07-04,5980,5980,5630,5730,6329681,-0.036974789915966366
2022-07-05,5770,5850,5700,5850,2644592,0.020942408376963373
2022-07-06,5790,5800,5420,5430,9813913,-0.07179487179487176
2022-07-07,5490,5550,5430,5500,3765105,0.012891344383057168
2022-07-08,5550,5630,5500,5500,4341690,0.0
2022-07-11,5540,5550,5400,5420,3460849,-0.014545454545454528
2022-07-12,5400,5440,5300,5340,4011137,-0.014760147601476037
2022-07-13,5320,5380,5230,5370,3736307,0.00561797752808979
2022-07-14,5330,5330,5250,5280,3067649,-0.016759776536312887
2022-07-15,5320,5320,5180,5260,3178836,-0.0037878787878787845
2022-07-18,5280,5470,5280,5440,3782119,0.034220532319391594
2022-07-19,5410,5490,5380,5380,2192827,-0.011029411764705843
2022-07-20,5470,5480,5350,5370,2753609,-0.0018587360594795044
2022-07-21,5370,5430,5360,5400,2088192,0.005586592178770999
2022-07-22,5400,5480,5400,5410,2389310,0.0018518518518517713
2022-07-25,5420,5460,5400,5440,1953683,0.005545286506469571
2022-07-26,5420,5470,5390,5420,1727109,-0.003676470588235281
2022-07-27,5410,5430,5370,5420,1504223,0.0
2022-07-28,5450,5520,5430,5500,3125750,0.014760147601476037
2022-07-29,5520,5630,5510,5620,4093909,0.021818181818181737
2022-08-01,5620,5840,5600,5820,6027578,0.03558718861209975
2022-08-02,5820,5880,5700,5840,4233321,0.0034364261168384758
2022-08-03,5840,5990,5760,5840,4472607,0.0
2022-08-04,5880,5890,5710,5740,2733998,-0.017123287671232834
2022-08-05,5750,5810,5740,5790,1929729,0.008710801393728262
2022-08-08,5750,5870,5730,5860,2360391,0.012089810017271052
2022-08-09,5840,5880,5790,5830,1967989,-0.005119453924914641
2022-08-10,5850,6020,5850,5950,6923558,0.020583190394511064
2022-08-11,6010,6030,5930,5990,3130817,0.006722689075630228
2022-08-12,6000,6140,5950,6020,4210429,0.005008347245408995
2022-08-16,6020,6050,5980,6010,2273768,-0.0016611295681062677
2022-08-17,6000,6090,5980,5990,3561172,-0.0033277870216306127
2022-08-18,5970,6020,5870,5990,2995427,0.0
2022-08-19,6010,6120,5990,6010,4156626,0.0033388981636059967
2022-08-22,5960,5980,5860,5900,3153488,-0.01830282861896837
2022-08-23,5850,6130,5840,6130,6484110,0.03898305084745757
2022-08-24,6150,6240,6090,6210,7634435,0.013050570962479524
2022-08-25,6240,6310,6090,6160,5903529,-0.008051529790660261
2022-08-26,6150,6190,6070,6150,3199397,-0.0016233766233766378
2022-08-29,6010,6150,6000,6010,3816613,-0.02276422764227637
2022-08-30,6030,6070,5940,5970,2497232,-0.006655574043261225
2022-08-31,5950,5990,5770,5970,5619740,0.0
2022-09-01,5910,5940,5740,5740,4775480,-0.038525963149078746
2022-09-02,5780,5780,5660,5660,3742539,-0.013937282229965153
2022-09-05,5660,5800,5660,5730,2998307,0.012367491166077826
2022-09-06,5740,5900,5740,5850,3550197,0.020942408376963373
2022-09-07,5820,5820,5660,5690,3238704,-0.027350427350427364
2022-09-08,5750,5780,5650,5660,3247391,-0.005272407732864637
2022-09-13,5750,5780,5630,5680,2898522,0.0035335689045936647
2022-09-14,5560,5660,5510,5590,3416726,-0.015845070422535246
2022-09-15,5640,5760,5600,5670,3192771,0.014311270125223707
2022-09-16,5690,5710,5560,5580,2863348,-0.015873015873015928
2022-09-19,5580,5610,5480,5490,2563705,-0.016129032258064502
2022-09-20,5540,5560,5480,5510,2153934,0.0036429872495447047
2022-09-21,5490,5890,5480,5780,7337267,0.04900181488203259
2022-09-22,5730,5890,5710,5880,5183071,0.01730103806228378
2022-09-23,5880,5940,5760,5800,3610814,-0.013605442176870763
2022-09-26,5760,5760,5560,5610,5178363,-0.03275862068965518
2022-09-27,5620,5730,5530,5610,4244387,0.0
2022-09-28,5580,5670,5290,5370,6323261,-0.04278074866310155
2022-09-29,5440,5480,5340,5340,3425240,-0.005586592178770999
2022-09-30,5310,5400,5260,5310,3349923,-0.005617977528089901
2022-10-04,5400,5450,5320,5430,2672719,0.02259887005649719
2022-10-05,5520,5530,5350,5350,2869881,-0.014732965009208066
2022-10-06,5420,5510,5390,5470,2300142,0.02242990654205612
2022-10-07,5410,5520,5390,5490,2945000,0.003656307129798808
2022-10-11,5390,5470,5240,5270,3204936,-0.04007285974499086
2022-10-12,5260,5320,5200,5300,2738258,0.005692599620493288
2022-10-13,5270,5290,5050,5050,4569567,-0.047169811320754707
2022-10-14,5220,5250,5130,5150,2567597,0.01980198019801982
2022-10-17,5080,5180,5030,5150,2144815,0.0
2022-10-18,5210,5260,5110,5200,2163378,0.009708737864077666
2022-10-19,5200,5270,5140,5140,1946137,-0.011538461538461497
2022-10-20,5170,5230,5120,5210,2694688,0.013618677042801508
2022-10-21,5170,5180,5060,5080,2501798,-0.0249520153550864
2022-10-24,5160,5190,5080,5090,1826377,0.0019685039370078705
2022-10-25,5110,5120,5010,5040,2163013,-0.00982318271119842
2022-10-26,5080,5080,5000,5010,2265148,-0.005952380952380931
2022-10-27,5050,5190,5010,5190,2718567,0.03592814371257491
2022-10-28,5180,5330,5160,5290,3864066,0.019267822736030782
2022-10-31,5290,5300,5130,5150,2993885,-0.026465028355387554
2022-11-01,5150,5220,5100,5200,1750912,0.009708737864077666
2022-11-02,5170,5250,5120,5210,2004237,0.0019230769230769162
2022-11-03,5140,5370,5110,5320,2978961,0.02111324376199608
2022-11-04,5270,5410,5260,5330,2404865,0.001879699248120259
2022-11-07,5300,5370,5260,5340,1836947,0.0018761726078799779
2022-11-08,5370,5410,5330,5370,1653549,0.00561797752808979
2022-11-09,5390,5440,5370,5400,2129790,0.005586592178770999
2022-11-10,5370,5440,5320,5320,2157644,-0.014814814814814836
2022-11-11,5470,5570,5410,5520,5006112,0.03759398496240607
2022-11-14,5540,5560,5450,5480,2519351,-0.007246376811594235
2022-11-15,5500,5530,5390,5420,2067202,-0.010948905109489093
2022-11-16,5450,5530,5380,5510,2472210,0.016605166051660625
2022-11-17,5510,5540,5390,5390,1526827,-0.02177858439201452
2022-11-18,5390,5460,5320,5330,3093033,-0.011131725417439675
2022-11-21,5170,5230,5070,5120,6592502,-0.039399624765478425
2022-11-22,5100,5170,5100,5160,4377856,0.0078125
2022-11-23,5170,5280,5120,5250,6940049,0.01744186046511631
2022-11-24,5280,5280,5170,5190,3148238,-0.011428571428571455
2022-11-25,5220,5220,5160,5190,1848576,0.0
2022-11-28,5190,5190,5090,5110,2991288,-0.015414258188824692
2022-11-29,5100,5170,5080,5160,2130905,0.009784735812133016
2022-11-30,5170,5210,5120,5210,3548111,0.009689922480620172
2022-12-01,5250,5270,5190,5220,2861398,0.0019193857965451588
2022-12-02,5200,5200,5100,5100,2804415,-0.02298850574712641
2022-12-05,5110,5140,5080,5120,1614615,0.0039215686274509665
2022-12-06,5080,5170,5080,5130,2287143,0.001953125
2022-12-07,5120,5120,5070,5080,2045227,-0.00974658869395717
2022-12-08,5110,5110,5050,5090,2601468,0.0019685039370078705
2022-12-09,5090,5150,5080,5140,2073904,0.00982318271119853
2022-12-12,5140,5160,5100,5120,1555430,-0.0038910505836575737
2022-12-13,5140,5200,5130,5180,2273686,0.01171875
2022-12-14,5200,5210,5140,5190,1699666,0.0019305019305020377
2022-12-15,5180,5210,5140,5140,1813548,-0.009633911368015391
2022-12-16,5090,5180,5090,5160,2259478,0.0038910505836575737
2022-12-19,5140,5160,5120,5130,1119376,-0.005813953488372103
2022-12-20,5130,5150,5070,5090,1824965,-0.007797270955165692
2022-12-21,5120,5130,5080,5100,1261620,0.0019646365422396617
2022-12-22,5110,5200,5110,5200,4462327,0.019607843137254832
2022-12-23,5160,5210,5130,5150,2749545,-0.009615384615384581
2022-12-26,5170,5190,5070,5090,2691233,-0.011650485436893177
2022-12-27,5120,5190,5090,5180,3124263,0.017681728880157177
2022-12-28,5150,5250,5130,5220,4393677,0.007722007722007707
2022-12-29,5200,5220,5090,5110,2683070,-0.021072796934865856
2023-01-02,5130,5170,5070,5080,2118816,-0.005870841487279899
2023-01-03,5080,5090,4860,4965,6984010,-0.02263779527559051
2023-01-04,4965,5060,4900,5050,3722335,0.017119838872104776
2023-01-05,5060,5060,4915,4935,4558685,-0.022772277227722793
2023-01-06,4790,5010,4790,5000,4396649,0.01317122593718345
2023-01-09,5040,5130,5020,5110,3626567,0.02200000000000002
2023-01-10,5120,5130,5020,5060,3232296,-0.009784735812133127
2023-01-11,5100,5140,5040,5120,2477655,0.011857707509881354
2023-01-12,5140,5170,5090,5090,2516384,-0.005859375
2023-01-13,5110,5180,5100,5140,3489139,0.00982318271119853
2023-01-16,5160,5160,5080,5100,2011407,-0.0077821011673151474
2023-01-17,5100,5160,5090,5120,2091814,0.0039215686274509665
2023-01-18,5120,5150,5050,5110,1995870,-0.001953125
2023-01-19,5070,5120,5060,5090,1252176,-0.003913894324853229
2023-01-20,5090,5150,5070,5130,1591799,0.007858546168958647
2023-01-25,5160,5180,5140,5180,2858773,0.00974658869395717
2023-01-26,5190,5190,5130,5170,1851224,-0.0019305019305019266
2023-01-27,5170,5310,5150,5260,7217088,0.01740812379110257
2023-01-30,5280,5340,5220,5240,4474591,-0.0038022813688213253
2023-01-31,5290,5870,5270,5790,45725875,0.1049618320610688
2023-02-01,5780,5910,5720,5870,16577365,0.013816925734024155
2023-02-02,5880,5950,5730,5830,10818073,-0.006814310051107331
2023-02-03,5830,5870,5760,5840,4095674,0.0017152658662091813
2023-02-06,5830,5860,5670,5760,5094250,-0.013698630136986356
2023-02-07,5740,5840,5600,5630,6062804,-0.02256944444444442
2023-02-08,5670,5700,5490,5500,7994022,-0.023090586145648295
2023-02-09,5490,5610,5470,5570,5239573,0.012727272727272698
2023-02-10,5530,5790,5410,5680,7903015,0.019748653500897717
2023-02-13,5650,5910,5630,5840,10121828,0.028169014084507005
2023-02-14,5840,5870,5780,5790,3778003,-0.008561643835616417
2023-02-15,5800,5890,5680,5710,4993463,-0.013816925734024155
2023-02-16,5760,5780,5680,5740,3465542,0.005253940455341555
2023-02-17,5670,5810,5660,5760,3977870,0.0034843205574912606
2023-02-20,5760,5760,5640,5710,2326704,-0.00868055555555558
2023-02-21,5720,5890,5690,5840,4869502,0.022767075306479923
2023-02-22,5770,5900,5760,5830,4178842,-0.001712328767123239
2023-02-23,5860,5860,5700,5750,4229140,-0.013722126929674117
2023-02-24,5780,5870,5730,5770,3570223,0.003478260869565153
2023-02-27,5720,5730,5600,5650,4133235,-0.020797227036395194
2023-02-28,5650,5660,5500,5500,5409392,-0.026548672566371723
2023-03-02,5480,5600,5480,5550,3297057,0.009090909090909038
2023-03-03,5570,5570,5390,5400,5156151,-0.027027027027026973
2023-03-06,5420,5450,5350,5380,4331704,-0.0037037037037036535
2023-03-07,5390,5440,5290,5290,4260246,-0.016728624535315983
2023-03-08,5240,5250,5120,5140,7153009,-0.02835538752362954
2023-03-09,5140,5250,5090,5110,5177174,-0.005836575875486361
2023-03-10,5080,5100,5020,5040,4183314,-0.013698630136986356
2023-03-13,5000,5060,4970,5050,4588996,0.001984126984126977
2023-03-14,5000,5030,4910,4915,5258767,-0.026732673267326756
2023-03-15,5000,5050,4975,5010,4289293,0.019328585961342792
2023-03-16,4970,4975,4875,4895,5349026,-0.022954091816367317
2023-03-17,4945,5000,4910,4910,3559382,0.003064351378958108
2023-03-20,4935,5080,4915,4920,4253862,0.0020366598778003286
2023-03-21,4935,5030,4935,5020,3318454,0.020325203252032464
2023-03-22,5090,5090,4980,4990,3278858,-0.005976095617529875
2023-03-23,4980,4980,4920,4940,3499676,-0.01002004008016033
2023-03-24,4945,4950,4910,4935,2612524,-0.0010121457489878916
2023-03-27,4940,4970,4875,4885,3555486,-0.010131712259371817
2023-03-28,4910,5070,4905,5050,5677095,0.03377686796315249
2023-03-29,5080,5180,5000,5040,5114457,-0.001980198019801982
2023-03-30,5090,5130,5010,5090,3287156,0.009920634920634885
2023-03-31,5120,5220,5110,5170,5042101,0.015717092337917515
2023-04-03,5260,5270,5160,5180,4074994,0.0019342359767891004
2023-04-04,5200,5400,5180,5380,7078155,0.03861003861003853
2023-04-05,5390,5420,5250,5280,4008586,-0.018587360594795488
2023-04-06,5300,5330,5220,5240,3405532,-0.007575757575757569
2023-04-07,5270,5290,5210,5240,2538048,0.0
2023-04-10,5230,5240,5130,5190,3720511,-0.009541984732824416
2023-04-11,5220,5260,5140,5250,3487763,0.011560693641618602
2023-04-12,5270,5450,5270,5370,6530417,0.02285714285714291
2023-04-13,5400,5470,5340,5470,5743060,0.01862197392923659
2023-04-14,5530,5760,5470,5660,11186235,0.034734917733089565
2023-04-17,5670,5780,5590,5660,6142330,0.0
2023-04-18,5680,5720,5610,5680,4655691,0.0035335689045936647
2023-04-19,5680,5840,5670,5760,7565270,0.014084507042253502
2023-04-20,5750,5810,5700,5750,5169990,-0.0017361111111111605
2023-04-21,5750,5760,5590,5710,5023455,-0.006956521739130417
2023-04-24,5700,5800,5680,5710,3219107,0.0
2023-04-25,5730,5770,5640,5680,4080030,-0.005253940455341555
2023-04-26,5600,5710,5560,5640,3286854,-0.007042253521126751
2023-04-27,5650,5730,5530,5700,4912882,0.010638297872340496
2023-04-28,5820,5970,5660,5680,14219155,-0.0035087719298245723
2023-05-02,5680,5690,5450,5530,6680564,-0.026408450704225372
2023-05-03,5480,5590,5360,5380,5077133,-0.027124773960216952
2023-05-04,5370,5450,5350,5350,2969413,-0.005576208178438624
2023-05-08,5390,5490,5360,5430,2899789,0.01495327102803734
2023-05-09,5430,5720,5430,5610,6775294,0.03314917127071815
2023-05-10,5630,5680,5560,5630,3183827,0.0035650623885918886
2023-05-11,5640,5700,5580,5600,2755988,-0.005328596802841923
2023-05-12,5580,5580,5440,5470,3407581,-0.023214285714285743
2023-05-15,5470,5590,5410,5530,2229958,0.010968921389396646
2023-05-16,5520,5570,5450,5480,1979941,-0.009041591320072317
2023-05-17,5460,5510,5440,5490,1983153,0.0018248175182482562
2023-05-18,5520,5580,5490,5570,2417850,0.014571948998178597
2023-05-19,5600,5750,5580,5680,3731494,0.019748653500897717
2023-05-22,5710,5950,5710,5940,13930463,0.045774647887323994
2023-05-23,5990,6080,5870,6040,10837813,0.01683501683501687
2023-05-24,6020,6300,5990,6210,18347230,0.0281456953642385
2023-05-25,6180,6260,6080,6140,6321557,-0.011272141706924366
2023-05-26,6110,6160,5970,6100,7592226,-0.006514657980456029
2023-05-30,6130,6300,6100,6180,7092032,0.013114754098360715
2023-05-31,6190,6200,6080,6120,4437213,-0.009708737864077666
2023-06-01,6120,6180,6020,6050,4124593,-0.011437908496731986
2023-06-02,6090,6180,6040,6180,3991873,0.02148760330578514
2023-06-05,6250,6450,6220,6450,14693270,0.043689320388349495
2023-06-07,6500,6540,6410,6490,7328892,0.006201550387596955
2023-06-08,6490,6620,6470,6570,10427281,0.012326656394453073
2023-06-09,6570,6600,6450,6470,5129417,-0.015220700152207
2023-06-12,6480,6550,6410,6530,4743100,0.009273570324574987
2023-06-13,6550,6630,6460,6500,6070226,-0.004594180704441064
2023-06-14,6550,6640,6480,6570,6038543,0.010769230769230864
2023-06-15,6570,6820,6570,6770,12414738,0.030441400304414
2023-06-16,6810,6960,6730,6890,11941781,0.017725258493352936
2023-06-19,6920,6990,6750,6780,7124218,-0.01596516690856309
2023-06-20,6780,6970,6720,6880,7844283,0.014749262536873253
2023-06-21,6910,6990,6810,6820,6826556,-0.008720930232558155
2023-06-22,6830,6850,6660,6740,5328965,-0.011730205278592365
2023-06-23,6700,6800,6570,6620,6341322,-0.017804154302670572
2023-06-26,6620,6680,6570,6620,3440406,0.0
2023-06-27,6620,6760,6570,6690,3997915,0.010574018126888296
2023-06-28,6740,6750,6510,6560,4452051,-0.019431988041853532
2023-06-29,6520,6720,6510,6560,3529441,0.0
2023-06-30,6600,6730,6510,6670,4076756,0.0167682926829269
2023-07-03,6730,6820,6600,6810,5431550,0.020989505247376306
2023-07-04,6770,6990,6720,6940,8480495,0.019089574155653377
2023-07-05,6960,7190,6870,7060,9223497,0.01729106628242083
2023-07-06,7080,7110,7000,7050,6104172,-0.0014164305949008194
2023-07-07,7000,7160,6960,7100,7268284,0.007092198581560183
2023-07-10,7100,7360,7100,7200,8685330,0.014084507042253502
2023-07-11,7240,7540,7180,7540,15613251,0.047222222222222276
2023-07-12,7550,8500,7540,8170,49684273,0.08355437665782484
2023-07-13,8250,8360,8050,8310,16240180,0.017135862913096656
2023-07-14,8310,8390,8070,8310,14366312,0.0
2023-07-17,8320,8710,8230,8470,22244223,0.019253910950661757
2023-07-18,8650,8660,8160,8200,15670212,-0.031877213695395534
2023-07-19,8200,8750,8200,8560,22670177,0.04390243902439028
2023-07-20,8620,8640,8370,8530,9532547,-0.003504672897196248
2023-07-21,8530,8770,8480,8590,8886859,0.00703399765533419
2023-07-24,8600,8670,8430,8480,9218625,-0.012805587892898762
2023-07-25,8400,8560,8290,8500,8474251,0.002358490566037652
2023-07-26,8470,8490,8200,8370,12631727,-0.015294117647058791
2023-07-27,8490,8750,8100,8200,16275286,-0.020310633213859064
2023-07-28,8410,8950,8230,8890,31811488,0.08414634146341471
2023-07-31,8940,9100,8780,9030,14112018,0.015748031496062964
2023-08-01,9000,9150,8860,9100,9512587,0.007751937984496138
2023-08-02,9090,9470,8920,9110,14675383,0.001098901098901095
2023-08-03,9090,9090,8660,8810,11393563,-0.03293084522502743
2023-08-04,8810,9140,8800,8910,7979706,0.011350737797956922
2023-08-07,8870,9020,8830,8890,6421512,-0.002244668911335568
2023-08-08,8960,9250,8950,9160,11259082,0.030371203599550034
2023-08-09,9120,9190,8930,9130,5781641,-0.0032751091703057122
2023-08-10,9090,9320,9090,9170,7918100,0.004381161007666945
2023-08-11,9220,9230,9010,9160,5507403,-0.0010905125408942062
2023-08-14,9080,9160,8570,8740,12173316,-0.04585152838427953
2023-08-16,8600,8820,8470,8510,9363695,-0.02631578947368418
2023-08-17,8500,8500,8150,8450,10869302,-0.007050528789659172
2023-08-18,8320,8430,8170,8310,5913620,-0.016568047337278125
2023-08-21,8300,8430,8170,8210,5608312,-0.012033694344163681
2023-08-22,8250,8380,8110,8290,6211656,0.00974421437271622
2023-08-23,8230,8290,8110,8210,3920761,-0.00965018094089265
2023-08-24,8300,8300,8030,8210,6045915,0.0
2023-08-25,8130,8350,8130,8210,4591196,0.0
2023-08-28,8300,8640,8220,8610,7244029,0.0487210718635811
2023-08-29,8650,8880,8550,8860,7215297,0.029036004645760727
2023-08-30,8880,8880,8560,8600,6374271,-0.02934537246049662
2023-08-31,8610,8830,8560,8810,7314685,0.024418604651162745
2023-09-01,8820,8880,8340,8340,8558425,-0.05334846765039725
2023-09-04,8310,8550,8310,8470,3338916,0.015587529976019088
2023-09-05,8420,8460,8230,8310,4834612,-0.018890200708382543
2023-09-06,8300,8450,8240,8270,3835435,-0.004813477737665495
2023-09-07,8210,8260,8150,8210,2741705,-0.00725513905683195
2023-09-08,8240,8250,8140,8230,2401127,0.0024360535931791105
2023-09-11,8270,8430,8250,8400,3400912,0.020656136087484844
2023-09-12,8430,8430,8260,8300,2412352,-0.011904761904761862
2023-09-13,8300,8380,8210,8340,2744335,0.004819277108433662
2023-09-14,8330,8360,8220,8350,3100131,0.0011990407673860837
2023-09-15,8340,8620,8330,8540,5808030,0.022754491017964007
2023-09-18,8550,8660,8460,8490,2645321,-0.005854800936768156
2023-09-19,8510,8680,8460,8470,2924774,-0.002355712603062443
2023-09-20,8450,8490,8300,8430,2850415,-0.0047225501770956635
2023-09-21,8350,8390,8180,8200,3986416,-0.027283511269276417
2023-09-22,8040,8120,7820,8050,5301449,-0.018292682926829285
2023-09-25,8000,8130,7840,7900,4544676,-0.018633540372670843
2023-09-26,7930,8050,7800,7810,3172076,-0.011392405063291089
2023-09-27,7730,7860,7700,7840,2870436,0.003841229193341844
2023-10-04,7750,7750,7420,7450,5853063,-0.04974489795918369
2023-10-05,7500,7560,7280,7280,5297838,-0.02281879194630876
2023-10-06,7280,7350,7040,7190,5841161,-0.012362637362637319
2023-10-10,7230,7530,7220,7290,5935527,0.013908205841446364
2023-10-11,7410,7850,7400,7740,7041095,0.06172839506172845
2023-10-12,7810,7870,7630,7760,4317802,0.0025839793281654533
2023-10-13,7680,7760,7580,7700,2737043,-0.0077319587628865705
2023-10-16,7670,8100,7660,7820,5483662,0.01558441558441559
2023-10-17,7850,7900,7790,7790,2972494,-0.0038363171355498826
2023-10-18,7840,7870,7660,7670,3235835,-0.015404364569961526
2023-10-19,7560,7590,7380,7410,3528819,-0.03389830508474578
2023-10-20,7330,7480,7260,7360,3146667,-0.006747638326585648
2023-10-23,7300,7360,7180,7230,3078695,-0.017663043478260865
2023-10-24,7280,7370,7080,7350,3057650,0.016597510373443924
2023-10-25,7380,7720,7370,7600,5215586,0.03401360544217691
2023-10-26,7490,7650,7350,7360,4437143,-0.03157894736842104
2023-10-27,7360,7560,7150,7190,4795689,-0.02309782608695654
2023-10-30,7260,7410,7110,7220,4308158,0.004172461752433909
2023-10-31,7310,7330,6810,6820,6740566,-0.05540166204986152
2023-11-01,6880,7040,6870,6910,3765965,0.01319648093841641
2023-11-02,7050,7180,7020,7100,3479262,0.02749638205499272
2023-11-03,7260,7270,7100,7260,2474122,0.022535211267605604
2023-11-06,7390,7530,7290,7530,4803939,0.037190082644628086
2023-11-07,7500,7500,7220,7370,3783980,-0.021248339973439556
2023-11-08,7400,7450,7180,7190,2778836,-0.024423337856173677
2023-11-09,7190,7210,6990,7160,3280364,-0.004172461752433909
2023-11-10,7080,7160,7040,7150,1881745,-0.0013966480446927498
2023-11-13,7230,7260,7050,7080,2233514,-0.009790209790209836
2023-11-14,7170,7180,7100,7170,2621876,0.012711864406779627
2023-11-15,7340,7580,7270,7530,6330063,0.05020920502092041
2023-11-16,7540,7610,7340,7600,3875462,0.009296148738379806
2023-11-17,7530,7570,7400,7400,2180590,-0.02631578947368418
2023-11-20,7430,7880,7400,7720,7165744,0.043243243243243246
2023-11-21,7770,7780,7660,7710,3676185,-0.0012953367875647714
2023-11-22,7710,8000,7680,7960,6619664,0.03242542153048
2023-11-23,7970,8060,7840,7890,3923585,-0.008793969849246186
2023-11-24,7850,7890,7610,7630,4619266,-0.03295310519645123
2023-11-27,7670,7880,7570,7840,3339491,0.02752293577981657
2023-11-28,7870,8240,7840,8160,8956745,0.04081632653061229
2023-11-29,8220,8300,7980,8020,5221415,-0.01715686274509809
2023-11-30,7990,8050,7890,7980,5325644,-0.004987531172069848
2023-12-01,8020,8180,7950,8130,4534094,0.018796992481203034
2023-12-04,8220,8300,8120,8140,3702700,0.0012300123001229846
2023-12-05,8090,8260,8040,8080,2949049,-0.0073710073710073765
2023-12-06,8100,8110,7880,7980,3552820,-0.012376237623762387
2023-12-07,7940,7980,7880,7900,2332405,-0.010025062656641603
2023-12-08,7970,7970,7870,7890,2333359,-0.0012658227848101333
2023-12-11,7920,7930,7670,7860,3115959,-0.0038022813688213253
2023-12-12,7900,8040,7830,8010,3059922,0.01908396946564883
2023-12-13,7940,7970,7850,7860,2561723,-0.01872659176029967
2023-12-14,7960,8000,7820,7990,5474450,0.01653944020356235
2023-12-15,8030,8040,7920,7960,3302420,-0.003754693366708417
2023-12-18,7900,7900,7260,7510,13795074,-0.05653266331658291
2023-12-19,7490,7630,7450,7560,4267795,0.0066577896138482195
2023-12-20,7570,7800,7570,7670,4478228,0.014550264550264647
2023-12-21,7600,7690,7440,7520,4074312,-0.019556714471968717
2023-12-22,7550,7570,7440,7500,2773099,-0.0026595744680850686
2023-12-26,7570,7570,7450,7500,2944403,0.0
2023-12-27,7450,7600,7450,7590,2453245,0.01200000000000001
2023-12-28,7540,7750,7540,7750,3766471,0.021080368906455815
2024-01-02,7750,7950,7680,7860,4594878,0.014193548387096744
2024-01-03,7780,7790,7470,7480,6337057,-0.04834605597964381
2024-01-04,7490,7560,7450,7500,3136144,0.002673796791443861
2024-01-05,7500,7540,7410,7450,2745258,-0.00666666666666671
2024-01-08,7420,7580,7390,7480,2752286,0.00402684563758382
2024-01-09,7480,7560,7300,7310,4528971,-0.022727272727272707
2024-01-10,7310,7360,7240,7320,2392360,0.001367989056087593
2024-01-11,7360,7380,7150,7160,4102374,-0.021857923497267784
2024-01-12,7180,7250,7150,7170,2226813,0.0013966480446927498
2024-01-15,7190,7370,7160,7350,2481415,0.025104602510460206
2024-01-16,7300,7350,7150,7150,2536646,-0.027210884353741527
2024-01-17,7150,7200,7050,7050,3169094,-0.013986013986013957
2024-01-18,7050,7270,6980,7120,3068901,0.0099290780141843
2024-01-19,7230,7530,7200,7520,5707748,0.05617977528089879
2024-01-22,7610,7640,7520,7590,3772267,0.009308510638297962
2024-01-23,7650,7720,7530,7570,3413165,-0.0026350461133070047
2024-01-24,7560,7570,7360,7480,2441274,-0.011889035667106973
2024-01-25,7470,7590,7410,7570,2831283,0.012032085561497263
2024-01-26,7570,7660,7570,7600,2813289,0.003963011889035695
2024-01-29,7650,7650,7450,7450,2675457,-0.019736842105263164
2024-01-30,7480,7520,7130,7170,5291606,-0.037583892617449655
2024-01-31,7150,7350,7150,7310,3169802,0.019525801952580135
2024-02-01,7270,7310,7100,7140,6361978,-0.023255813953488413
2024-02-02,7150,7280,7080,7250,3350285,0.01540616246498594
2024-02-05,7240,7250,7080,7120,3876258,-0.017931034482758568
2024-02-06,7120,7340,7120,7210,3994954,0.012640449438202195
2024-02-07,7330,7440,7210,7240,3371881,0.004160887656033285
2024-02-08,7350,7400,7250,7330,4532219,0.012430939226519389
2024-02-13,7390,7450,7290,7360,3291800,0.004092769440654953
2024-02-14,7290,7310,7190,7220,3142516,-0.01902173913043481
2024-02-15,7290,7340,7200,7210,3624766,-0.0013850415512465242
2024-02-16,7280,7340,7230,7300,2920733,0.012482662968099856
2024-02-19,7300,7380,7240,7310,3467107,0.00136986301369868
2024-02-20,7320,7360,7230,7250,2889239,-0.008207934336525335
2024-02-21,7280,7510,7260,7460,6155285,0.028965517241379413
2024-02-22,7510,7600,7420,7490,4030870,0.004021447721179516
2024-02-23,7540,7540,7370,7430,3004398,-0.008010680907877155
2024-02-26,7430,7460,7290,7410,3175821,-0.0026917900403768957
2024-02-27,7470,7730,7390,7670,8177518,0.03508771929824572
2024-02-28,7690,8070,7610,8020,12939422,0.04563233376792697
2024-02-29,8050,8060,7850,7900,7120792,-0.014962593516209433
2024-03-04,7930,7950,7600,7620,7482701,-0.03544303797468351
2024-03-05,7620,7820,7600,7710,4246385,0.011811023622047223
2024-03-06,7680,7840,7630,7730,3577807,0.0025940337224383825
2024-03-07,7730,7800,7660,7710,2848412,-0.002587322121604174
2024-03-08,7710,7780,7560,7660,4450867,-0.006485084306095956
2024-03-11,7640,8030,7630,8020,8881871,0.04699738903394257
2024-03-12,8020,8230,7900,8070,6234864,0.006234413965087171
2024-03-13,8120,8150,7920,7960,4729816,-0.013630731102850069
2024-03-14,7960,9210,7950,9010,59570843,0.13190954773869357
2024-03-15,9200,9390,8810,8850,30802039,-0.017758046614872347
2024-03-18,9040,9090,8850,9000,13726975,0.016949152542372836
2024-03-19,8980,8990,8570,8690,12559934,-0.0344444444444445
2024-03-20,8770,8960,8730,8810,8707754,0.013808975834292303
2024-03-21,8890,8890,8710,8850,7200530,0.004540295119182858
2024-03-22,8900,9120,8780,9080,10896492,0.025988700564971712
2024-03-25,9110,9140,8910,8960,5580533,-0.013215859030836996
2024-03-26,9000,9110,8910,9060,6500262,0.01116071428571419
2024-03-27,8980,9020,8590,8700,9932109,-0.039735099337748325
2024-03-28,8680,8840,8600,8620,5105794,-0.00919540229885063
2024-03-29,8680,8730,8500,8560,4174667,-0.00696055684454755
2024-04-01,8600,8630,8470,8560,4061087,0.0
2024-04-02,8530,8720,8290,8650,8074707,0.010514018691588856
2024-04-03,8670,8850,8580,8710,7778210,0.006936416184971206
2024-04-04,8770,8780,8560,8740,4825682,0.003444316877152742
2024-04-05,8580,8840,8580,8660,3646034,-0.009153318077803174
2024-04-08,8660,8660,8460,8480,3865767,-0.020785219399538146
2024-04-09,8470,8860,8470,8670,6603342,0.022405660377358583
2024-04-11,8530,8630,8380,8500,4276806,-0.019607843137254943
2024-04-12,8520,9000,8440,8910,10316966,0.048235294117647154
2024-04-15,8850,9190,8800,9060,10496539,0.01683501683501687
2024-04-16,8970,9120,8660,8760,7803410,-0.0331125827814569
2024-04-17,8800,8910,8670,8690,5218845,-0.007990867579908634
2024-04-18,8800,9710,8800,9540,39373854,0.09781357882623709
2024-04-19,9580,9640,9220,9630,23296284,0.009433962264151052
2024-04-22,9870,10120,9390,9480,22306091,-0.015576323987538943
2024-04-23,9560,9900,9520,9630,18586575,0.015822784810126667
2024-04-24,9750,9940,9590,9640,14348406,0.0010384215991692258
2024-04-25,9570,9670,9330,9470,8137494,-0.01763485477178428
2024-04-26,9580,9940,9540,9850,17468877,0.040126715945089764
2024-04-29,9800,9810,9460,9600,12204336,-0.025380710659898442
2024-04-30,9550,9670,9400,9450,9872037,-0.015625
2024-05-02,9410,9550,9400,9430,5154284,-0.002116402116402072
2024-05-03,9490,9510,9360,9390,4495093,-0.0042417815482502785
2024-05-07,9420,9650,9400,9600,7176086,0.022364217252396124
2024-05-08,9650,9860,9580,9670,8024055,0.007291666666666696
2024-05-09,9710,9970,9690,9830,13759085,0.016546018614270963
2024-05-10,9970,10050,9750,9890,8943032,0.006103763987792554
2024-05-13,9980,10300,9940,10170,15617471,0.028311425682507663
2024-05-14,10170,10230,10020,10130,7191374,-0.003933136676499527
2024-05-16,10220,10230,10040,10150,7611123,0.001974333662388972
2024-05-17,10110,10140,9770,9920,8373818,-0.022660098522167438
2024-05-20,9910,10100,9830,9870,5878775,-0.005040322580645129
2024-05-21,9850,9910,9740,9800,4443642,-0.007092198581560294
2024-05-22,9800,9800,9270,9380,10965643,-0.042857142857142816
2024-05-23,9290,9580,9250,9500,5126388,0.01279317697228155
2024-05-24,9380,9760,9360,9650,5020993,0.015789473684210575
2024-05-27,9700,9720,9450,9570,3579749,-0.00829015544041456
2024-05-28,9570,9690,9500,9540,3041833,-0.0031347962382445305
2024-05-29,9490,9520,9390,9400,3530764,-0.014675052410901501
2024-05-30,9400,9480,9270,9320,4522692,-0.008510638297872353
2024-05-31,9360,9380,9130,9160,6263725,-0.01716738197424894
2024-06-03,9220,10120,9130,9600,17818481,0.048034934497816595
2024-06-04,9520,9700,9350,9400,8245620,-0.02083333333333337
2024-06-05,9460,9490,9210,9270,4979588,-0.013829787234042601
2024-06-07,9280,9520,9280,9360,4792938,0.009708737864077666
2024-06-10,9310,9420,9250,9320,2704465,-0.004273504273504258
2024-06-11,9500,9500,9180,9220,4569574,-0.010729613733905574
2024-06-12,9170,9270,8950,9140,6272659,-0.008676789587852451
2024-06-13,8800,9080,8790,8910,12078697,-0.02516411378555794
2024-06-14,8900,9190,8840,9040,6984197,0.014590347923681302
2024-06-17,9050,9090,8880,8890,4236357,-0.0165929203539823
2024-06-18,8980,8990,8850,8860,2922469,-0.003374578177727794
2024-06-19,8890,9080,8890,9050,5006873,0.021444695259593693
2024-06-20,9060,9090,8920,8970,3859998,-0.008839779005524906
2024-06-21,9030,9170,8860,8890,6598905,-0.00891861761426982
2024-06-24,8850,9080,8800,8950,6017203,0.006749156355455588
2024-06-25,9030,9630,8990,9290,17773640,0.03798882681564253
2024-06-26,9290,9520,9200,9400,7311052,0.011840688912809538
2024-06-27,9320,9450,9280,9430,4886765,0.0031914893617022155
2024-06-28,9430,9490,9220,9350,4799314,-0.008483563096500557
2024-07-01,9370,9870,9320,9680,11996745,0.03529411764705892
2024-07-02,9690,9700,9450,9620,5270315,-0.006198347107438051
2024-07-03,9670,9680,9290,9440,5577928,-0.018711018711018657
2024-07-04,9410,9600,9340,9520,3899629,0.008474576271186418
2024-07-05,9590,9640,9450,9560,4624967,0.004201680672268893
2024-07-08,9560,9850,9540,9800,6538033,0.025104602510460206
2024-07-09,9810,9840,9660,9700,3289800,-0.010204081632653073
2024-07-10,9670,9930,9650,9840,6564407,0.014432989690721598
2024-07-11,9910,9920,9770,9830,3657611,-0.00101626016260159
2024-07-12,9810,9900,9710,9900,3775805,0.007121057985757906
2024-07-15,9980,10100,9910,9940,6635356,0.004040404040404066
2024-07-16,9990,10290,9900,10280,11737001,0.03420523138832987
2024-07-17,10350,11000,10350,10930,29719406,0.0632295719844358
2024-07-18,10930,11380,10840,11070,23326291,0.012808783165599191
2024-07-19,11000,11140,10520,10550,9464533,-0.046973803071364006
2024-07-22,10520,10770,10380,10600,8304476,0.004739336492890933
2024-07-23,10650,11000,10600,11000,9626178,0.037735849056603765
2024-07-24,10910,11270,10850,11090,7271938,0.00818181818181829
2024-07-25,10930,11260,10760,10950,11020100,-0.012623985572587926
2024-07-26,11190,12280,11100,11870,42712575,0.0840182648401826
2024-07-29,11990,12120,11690,11830,11072238,-0.0033698399326032025
2024-07-30,11760,11920,11470,11630,7768630,-0.01690617075232459
2024-07-31,11600,11990,11570,11710,9325409,0.006878761822871837
2024-08-01,11630,11890,11520,11680,5812145,-0.002561912894961549
2024-08-02,11510,11670,11140,11300,9157050,-0.03253424657534243
2024-08-05,10960,11000,9540,10050,19668979,-0.11061946902654862
2024-08-06,10580,11090,10300,10710,17582157,0.06567164179104479
2024-08-07,10780,10890,10530,10590,8283852,-0.011204481792717047
2024-08-08,10480,11020,10340,10920,9056376,0.031161473087818692
2024-08-09,11060,11300,10920,10940,6466610,0.001831501831501825
2024-08-12,11010,11280,10840,11130,5431821,0.017367458866544894
2024-08-13,11050,11180,10720,10760,5350939,-0.03324348607367478
2024-08-14,10850,10880,10560,10740,5102175,-0.0018587360594795044
2024-08-16,10920,11190,10780,10820,7671575,0.007448789571694592
2024-08-19,10820,11080,10720,10800,4663765,-0.001848428835489857
2024-08-20,10900,11280,10760,11240,6740085,0.040740740740740744
2024-08-21,11160,11390,11040,11140,4647832,-0.008896797153024938
2024-08-22,11150,11190,10490,10680,8310968,-0.04129263913824055
2024-08-23,10620,10690,10510,10560,3759018,-0.011235955056179803
2024-08-26,10560,10590,10130,10150,7180809,-0.03882575757575757
2024-08-27,10190,10390,10070,10280,4659883,0.012807881773398977
2024-08-28,10320,10520,10230,10290,4389872,0.0009727626459143934
2024-08-29,10250,10320,10130,10150,2849714,-0.013605442176870763
2024-08-30,10260,10500,10210,10490,5664621,0.03349753694581281
2024-09-02,10500,10510,10130,10170,4074018,-0.030505243088655876
2024-09-03,10190,10300,10130,10280,2960846,0.010816125860373615
2024-09-04,9960,10150,9870,10000,5685023,-0.027237354085603127
2024-09-05,10070,10100,9670,9820,5636071,-0.018000000000000016
2024-09-06,9820,9910,9530,9610,5048487,-0.021384928716904228
2024-09-09,9330,9830,9330,9820,3393854,0.02185223725286156
2024-09-10,9850,10090,9720,9970,3851491,0.015274949083503131
2024-09-11,10090,10140,9720,9810,3478833,-0.016048144433299938
2024-09-12,9910,10040,9690,10040,3421771,0.023445463812436396
2024-09-13,10010,10340,10000,10340,4359126,0.029880478087649376
2024-09-19,10410,10540,10280,10500,4989167,0.015473887814313247
2024-09-20,10650,10750,10510,10630,5826366,0.012380952380952381
2024-09-23,10680,11000,10620,10920,7301358,0.027281279397930458
2024-09-24,10920,10970,10680,10970,3841200,0.0045787545787545625
2024-09-25,11070,11160,10760,10790,4460871,-0.016408386508659945
2024-09-26,10790,10910,10740,10860,2676366,0.006487488415199305
2024-09-27,10820,10870,10160,10180,9129264,-0.06261510128913439
2024-09-30,10150,10250,9990,10030,5152225,-0.014734774066797685
2024-10-02,9900,10240,9900,10050,3705826,0.001994017946161497
2024-10-04,10070,10150,10010,10040,2816110,-0.0009950248756218638
2024-10-07,9970,10020,9670,10010,5788466,-0.0029880478087649376
2024-10-08,9900,10040,9840,9860,3544229,-0.014985014985015033
2024-10-10,9980,10310,9910,10180,5735546,0.032454361054766734
2024-10-11,10210,10220,9840,9870,4212463,-0.03045186640471509
2024-10-14,9870,9940,9840,9880,2323172,0.0010131712259371373
2024-10-15,9940,10270,9930,10230,4932381,0.03542510121457498
2024-10-16,10160,10200,10020,10060,2404247,-0.016617790811339184
2024-10-17,10090,10290,9980,10250,3246049,0.018886679920477212
2024-10-18,10290,10290,10010,10050,2737975,-0.019512195121951237
2024-10-21,10050,10060,9950,10000,1880924,-0.00497512437810943
2024-10-22,9960,10040,9850,9990,2443596,-0.0010000000000000009
2024-10-23,10000,10270,9870,10140,3920243,0.01501501501501501
2024-10-24,10120,10180,10000,10050,2488059,-0.00887573964497046
2024-10-25,10150,10310,9870,9900,4728500,-0.014925373134328401
2024-10-28,9950,9960,9690,9720,4047598,-0.018181818181818188
2024-10-29,9710,9780,9640,9750,2735915,0.0030864197530864335
2024-10-30,9740,9750,9570,9590,2794366,-0.016410256410256396
2024-10-31,9600,9680,9420,9590,3789608,0.0
2024-11-01,9490,9550,9330,9470,2900544,-0.012513034410844615
2024-11-04,9470,9630,9450,9540,2213090,0.007391763463569179
2024-11-05,9480,9710,9480,9620,2290598,0.008385744234800763
2024-11-06,9670,10010,9520,9920,4675227,0.031185031185031242
2024-11-07,9970,10980,9970,10830,24408089,0.09173387096774199
2024-11-08,11020,11210,10680,11010,11381616,0.016620498614958512
2024-11-11,11140,11940,11010,11820,24976740,0.07356948228882842
2024-11-12,11840,11920,11450,11580,11702210,-0.02030456852791873
2024-11-13,11600,11650,11050,11230,9143856,-0.030224525043177852
2024-11-14,11400,11850,11320,11720,10977097,0.04363312555654497
2024-11-15,11750,11900,11550,11890,8290149,0.014505119453924964
2024-11-18,11740,11890,11410,11690,7581885,-0.016820857863751093
2024-11-19,11740,12200,11550,11750,11393023,0.0051325919589393365
2024-11-20,11680,11960,11510,11900,6592223,0.012765957446808418
2024-11-21,11920,12030,11680,11810,4626802,-0.007563025210084007
2024-11-22,11900,12090,11730,12030,7082726,0.018628281117696766
2024-11-25,12100,12290,11880,11910,11034315,-0.009975062344139696
2024-11-26,11940,11970,11560,11820,5361586,-0.007556675062972307
2024-11-27,11820,12180,11810,11900,6590705,0.006768189509306355
2024-11-28,11900,12150,11730,11840,4034644,-0.005042016806722671
2024-11-29,11830,11840,11500,11620,5097128,-0.01858108108108103
2024-12-02,11650,11700,10810,10920,9914596,-0.06024096385542166
2024-12-03,10960,11280,10950,11110,4220808,0.017399267399267337
2024-12-04,10810,11160,10600,11050,6956808,-0.005400540054005365
2024-12-05,11000,11250,10800,10870,3038570,-0.01628959276018105
2024-12-06,10870,10900,10370,10630,5739815,-0.022079116835326595
2024-12-09,10300,10390,9950,9990,9173616,-0.06020696142991533
2024-12-10,10110,10530,10040,10410,6239095,0.04204204204204198
2024-12-11,10410,11150,10340,11100,6806428,0.06628242074927959
2024-12-12,11110,11200,10970,11100,5740090,0.0
2024-12-13,11100,11420,11070,11350,4939835,0.022522522522522515
2024-12-16,11440,11450,11070,11230,4311246,-0.010572687224669641
2024-12-17,11180,11300,11030,11070,2719917,-0.014247551202137165
2024-12-18,11100,11500,11050,11290,4780098,0.019873532068654054
2024-12-19,11000,11420,10830,11290,4425104,0.0
2024-12-20,11350,11390,11090,11180,4154553,-0.009743135518157642
2024-12-23,11330,11570,11230,11490,6192894,0.027728085867620766
2024-12-24,11550,11700,11330,11360,3839366,-0.011314186248912117
2024-12-26,11410,11790,11410,11600,7560053,0.021126760563380254
2024-12-27,11600,11640,11270,11310,4341149,-0.025000000000000022
2024-12-30,11250,11450,11180,11300,3362236,-0.0008841732979664174
2025-01-02,11260,11700,11220,11500,4162726,0.017699115044247815
2025-01-03,11540,11750,11310,11410,4752240,-0.00782608695652176
2025-01-06,11430,11470,11230,11420,3183728,0.0008764241893075564
2025-01-07,11540,11830,11530,11830,8709620,0.0359019264448337
2025-01-08,11880,12020,11760,12010,6610982,0.015215553677092153
2025-01-09,12000,12100,11820,12030,6214840,0.0016652789342215257
2025-01-10,12000,12350,11720,12250,8987670,0.018287614297589405
2025-01-13,12300,12310,11650,11700,10710382,-0.04489795918367345
2025-01-14,11760,12140,11760,11850,8239384,0.012820512820512775
2025-01-15,11920,13350,11860,13000,39256225,0.09704641350210963
2025-01-16,13010,13350,12850,13350,18099325,0.026923076923076827
2025-01-17,13370,13670,13120,13540,12233920,0.014232209737827795
2025-01-20,13590,13590,13130,13490,10569926,-0.0036927621861152504
2025-01-21,13580,13860,13530,13670,14222288,0.013343217197924417
2025-01-22,13670,13810,13230,13300,10818247,-0.027066569129480578
2025-01-23,13300,13340,12700,12730,12660592,-0.042857142857142816
2025-01-24,12790,13080,12700,12910,7043782,0.014139827179890041
2025-01-31,13000,13270,12900,13010,7145165,0.0077459333849729806
2025-02-03,12800,13080,12750,12940,5261381,-0.005380476556494984
2025-02-04,13100,13450,12950,13350,9177720,0.0316846986089645
2025-02-05,13540,13630,13100,13400,9529635,0.0037453183520599342
2025-02-06,13100,13340,12770,12950,16568228,-0.03358208955223885
2025-02-07,12910,12930,12630,12770,6918096,-0.013899613899613916
2025-02-10,12710,13190,12520,12590,9259813,-0.014095536413469056
2025-02-11,12690,12890,12470,12700,7522540,0.008737092930897639
2025-02-12,12720,13490,12720,13460,18472865,0.0598425196850394
2025-02-13,13600,13690,13190,13410,13407597,-0.003714710252600284
2025-02-14,13440,13440,12620,12710,15311815,-0.05219985085756895
2025-02-17,12720,12920,12620,12710,7181439,0.0
2025-02-18,12830,12980,12770,12930,10215821,0.01730920535011804
2025-02-19,12950,15220,12870,14730,70378157,0.13921113689095121
2025-02-20,14680,14680,13500,13590,31385870,-0.07739307535641549
2025-02-21,13290,13570,13150,13370,13079911,-0.016188373804267853
2025-02-24,13450,14400,13080,13910,37276349,0.04038893044128655
2025-02-25,13970,15190,13720,15050,47508639,0.08195542774982023
2025-02-26,15390,15620,14740,14950,27033764,-0.006644518272425293
2025-02-27,14920,15100,14450,15020,14547065,0.00468227424749168
2025-02-28,14720,15000,13950,13950,21347885,-0.07123834886817582
2025-03-04,14120,14760,14030,14240,21833027,0.02078853046594986
2025-03-05,14400,15150,14000,15000,33447308,0.05337078651685401
2025-03-06,14990,15265,14660,14940,16372769,-0.0040000000000000036
2025-03-07,14740,15090,14580,14860,11696479,-0.0053547523427041055
2025-03-10,15010,15040,14240,14530,12163860,-0.022207267833109
2025-03-11,14000,14280,13770,14220,13593507,-0.021335168616655187
2025-03-12,14740,15490,14220,14360,49016196,0.009845288326300938
2025-03-13,14550,14850,14050,14080,19036020,-0.01949860724233987
2025-03-14,14160,14430,14090,14320,8537547,0.017045454545454586
2025-03-17,14430,15140,14260,14790,20321168,0.0328212290502794
2025-03-18,14970,15450,14860,15440,26324577,0.04394861392833005
2025-03-19,15480,15840,15120,15210,17296217,-0.014896373056994872
2025-03-20,15330,15330,14530,14540,14987688,-0.044049967126890244
2025-03-21,14450,14690,14140,14580,10733577,0.0027510316368637433
2025-03-24,14600,14740,14480,14670,4698983,0.006172839506172867
2025-03-25,14650,14740,13960,14000,8624345,-0.045671438309475065
2025-03-26,13910,14190,13850,14070,5526680,0.004999999999999893
2025-03-27,14390,14400,13720,13770,8427365,-0.021321961620469065
2025-03-28,13760,13950,13560,13830,5394036,0.004357298474945592
2025-03-31,13460,13810,13270,13480,6953048,-0.025307302964569733
2025-04-01,13710,14100,13690,14050,5701503,0.04228486646884266
2025-04-02,14110,14160,13800,13880,4760760,-0.012099644128113929
2025-04-03,13600,14030,13550,14010,6798766,0.009365994236311348
2025-04-04,13790,14230,13380,13720,9496140,-0.020699500356887945
2025-04-07,13170,13180,12650,12720,7764209,-0.07288629737609331
2025-04-08,13040,13350,12780,13220,7087137,0.03930817610062887
2025-04-09,13530,13610,12930,13040,7249419,-0.013615733736762503
2025-04-10,13790,13990,13540,13950,8268063,0.06978527607361973
2025-04-11,14150,14520,14090,14500,10701486,0.03942652329749108
2025-04-14,14810,14820,14370,14450,6055197,-0.0034482758620689724
2025-04-15,14550,14620,14400,14540,4038501,0.006228373702422241
2025-04-16,14550,14830,14370,14490,5931178,-0.00343878954607979
2025-04-17,14570,14900,14560,14900,6465940,0.028295376121463045
2025-04-18,15010,15150,14370,14520,7886520,-0.025503355704697972
2025-04-21,14520,14530,13920,13990,9035695,-0.03650137741046833
2025-04-22,13840,14180,13840,14100,4738010,0.00786275911365264
2025-04-23,14210,14330,14070,14300,3820358,0.014184397163120588
2025-04-24,14310,14600,14020,14590,6597321,0.020279720279720248
2025-04-25,14500,14900,14270,14720,14117412,0.008910212474297463
2025-04-28,14980,15720,14800,15150,24860498,0.029211956521739024
2025-04-29,15150,15150,14640,14970,8316655,-0.011881188118811892
2025-04-30,15000,15060,14400,14570,7953329,-0.026720106880427474
2025-05-02,14510,14790,14510,14610,3540289,0.0027453671928621137
2025-05-07,14880,14980,14730,14880,4638207,0.01848049281314168
2025-05-08,14860,14880,14700,14730,4469905,-0.01008064516129037
2025-05-09,14760,15020,14660,14840,4173954,0.007467752885268242
2025-05-12,14970,15180,14400,14500,8029437,-0.022911051212938016
2025-05-13,14300,14490,14150,14260,6038035,-0.016551724137931045
2025-05-14,14340,14690,14320,14590,5736590,0.023141654978962034
2025-05-15,14540,14580,14240,14420,4579454,-0.011651816312542862
2025-05-16,14460,14720,14430,14550,4091070,0.009015256588072118
2025-05-19,14410,14590,14180,14300,4276119,-0.01718213058419249
2025-05-20,14400,14450,14030,14190,4618493,-0.007692307692307665
2025-05-21,14250,14970,14250,14890,11124325,0.04933051444679348
2025-05-22,14740,14760,14490,14500,4322785,-0.026192075218267274
2025-05-23,14550,14580,14310,14430,3217358,-0.004827586206896606
2025-05-26,14430,15120,14370,15100,11213168,0.04643104643104645
2025-05-27,15400,16380,15350,16350,29577904,0.08278145695364247
2025-05-28,16540,16600,15590,15670,13597788,-0.04159021406727825
2025-05-29,15890,16330,15620,16140,9267571,0.029993618379068332
2025-05-30,16420,17080,16290,16900,22615588,0.047087980173482036
2025-06-02,17060,17290,16460,16790,8741868,-0.0065088757396449815
2025-06-04,16940,16940,16100,16880,9351134,0.005360333531864159
2025-06-05,16950,17160,16620,16750,7276443,-0.007701421800947905
2025-06-09,16760,16930,16310,16650,7235078,-0.005970149253731294
2025-06-10,16690,17250,16650,17250,10908337,0.03603603603603611
2025-06-11,17520,17520,16890,17320,7526962,0.004057971014492789
2025-06-12,17270,17930,17270,17580,10040856,0.01501154734411081
2025-06-13,17700,17930,17390,17690,6763155,0.006257110352673401
2025-06-16,17630,18090,17500,18070,7131780,0.02148106274731476
2025-06-17,18200,18550,17570,17870,9768344,-0.011068068622025473
2025-06-18,17720,18000,17650,17850,5050898,-0.0011191941801902416
2025-06-19,17590,17670,16970,17440,10001704,-0.022969187675070057
2025-06-20,17090,17100,16500,16870,13125958,-0.03268348623853212
2025-06-23,16700,17160,16500,16650,8517458,-0.01304090100770594
2025-06-24,17000,17310,16810,17060,8139059,0.02462462462462467
2025-06-25,17190,17680,16470,16530,7951547,-0.031066822977725672
2025-06-26,16660,16660,16050,16320,6443565,-0.012704174228675091
2025-06-27,16460,16640,16100,16160,3841073,-0.009803921568627416
2025-06-30,16250,17030,16250,16760,8343891,0.03712871287128716
2025-07-01,16880,17350,16640,16780,8032862,0.0011933174224343368
2025-07-02,16710,16890,16270,16540,4953727,-0.014302741358760418
2025-07-03,16580,16780,16210,16290,4760013,-0.015114873035066534
2025-07-04,16360,16440,15710,15720,5615357,-0.03499079189686927
2025-07-07,15610,16280,15610,16210,5176099,0.031170483460559728
2025-07-08,16600,17550,16590,17320,17193421,0.06847624922887108
2025-07-09,17350,17800,17120,17770,8466148,0.025981524249422572
2025-07-10,17610,17910,17360,17880,6074481,0.006190208216094506
2025-07-11,17880,17930,17460,17540,4543162,-0.019015659955257225
2025-07-14,17250,17520,17090,17440,3453112,-0.005701254275940704
2025-07-15,17400,18090,17310,18040,7887623,0.034403669724770714
2025-07-16,18010,18170,17860,17900,5388398,-0.0077605321507761005
2025-07-17,17960,19000,17700,18910,14421793,0.05642458100558656
2025-07-18,18820,18860,18520,18790,4459262,-0.0063458487572712885
2025-07-21,19000,19550,18880,19400,7802994,0.03246407663650874
2025-07-22,19390,19780,19110,19570,7718383,0.008762886597938113
