Date,Open,High,Low,Close,Volume,Change
2022-01-03,252500,260000,252500,255500,171890,0.017928286852589626
2022-01-04,256000,257000,252500,256000,147236,0.001956947162426559
2022-01-05,253500,256000,249500,251500,194984,-0.017578125
2022-01-06,247500,250000,243500,244000,249886,-0.02982107355864816
2022-01-07,243500,247500,243000,245500,178726,0.006147540983606481
2022-01-10,245500,249000,242500,244000,142238,-0.006109979633401208
2022-01-11,242500,245000,239000,239500,154393,-0.018442622950819665
2022-01-12,241500,249500,241000,249000,174343,0.039665970772442494
2022-01-13,248000,250500,246000,247000,112034,-0.008032128514056214
2022-01-14,243500,247000,243000,244000,89307,-0.012145748987854255
2022-01-17,243000,244000,240000,241500,81514,-0.010245901639344246
2022-01-18,241000,242500,238000,238500,98458,-0.012422360248447228
2022-01-19,235000,240000,234000,235500,128176,-0.012578616352201255
2022-01-20,236000,239500,234500,237500,99734,0.00849256900212314
2022-01-21,235000,235500,230500,234000,156643,-0.01473684210526316
2022-01-24,232500,234000,227000,229500,148808,-0.019230769230769273
2022-01-25,230000,231500,220000,224000,208637,-0.023965141612200425
2022-01-26,224000,225000,219500,219500,129794,-0.0200892857142857
2022-01-27,221000,221500,210000,210000,274447,-0.0432801822323462
2022-01-28,210000,220500,203500,218500,269071,0.040476190476190554
2022-02-03,222500,228000,221000,223500,175088,0.022883295194507935
2022-02-04,222500,225000,220000,224000,130985,0.0022371364653244186
2022-02-07,224000,224000,219000,223000,119763,-0.004464285714285698
2022-02-08,224500,227000,219000,220500,140728,-0.011210762331838597
2022-02-09,223000,224000,220500,223000,124971,0.01133786848072571
2022-02-10,224500,228000,221500,225500,189155,0.011210762331838486
2022-02-11,222500,225500,221500,223000,128799,-0.011086474501108667
2022-02-14,220000,223500,217000,221500,128676,-0.006726457399103158
2022-02-15,219000,221500,217000,218000,108306,-0.015801354401805856
2022-02-16,221000,224000,220000,223000,71012,0.022935779816513735
2022-02-17,224000,228000,221000,224000,131546,0.004484304932735439
2022-02-18,221000,226000,220500,225500,89856,0.006696428571428603
2022-02-21,222000,227500,220500,225500,93278,0.0
2022-02-22,221500,224500,220500,221500,121950,-0.0177383592017738
2022-02-23,223000,231000,222500,227000,131139,0.02483069977426644
2022-02-24,223000,226500,221000,222500,106135,-0.01982378854625555
2022-02-25,224000,227000,222000,222000,108572,-0.0022471910112359383
2022-02-28,223500,229000,222500,227500,196293,0.024774774774774855
2022-03-02,228000,237000,226500,233500,251015,0.02637362637362628
2022-03-03,234000,235500,232000,232500,94123,-0.004282655246252709
2022-03-04,232500,234000,228000,229500,116835,-0.012903225806451646
2022-03-07,225500,228500,222000,226000,157996,-0.015250544662309351
2022-03-08,224000,234000,222000,231000,202304,0.022123893805309658
2022-03-10,235500,239000,232500,236500,197274,0.023809523809523725
2022-03-11,234000,248500,234000,247000,304725,0.044397463002114224
2022-03-14,245000,246500,237500,237500,156359,-0.038461538461538436
2022-03-15,237500,240000,232000,233500,96304,-0.01684210526315788
2022-03-16,236000,236500,230500,234500,112318,0.004282655246252709
2022-03-17,238000,242000,235500,235500,118579,0.004264392324093924
2022-03-18,238000,239500,235000,238500,228861,0.01273885350318471
2022-03-21,238000,240000,236500,238500,65637,0.0
2022-03-22,238500,246000,237500,239500,232615,0.004192872117400492
2022-03-23,241000,241500,236000,238000,112317,-0.006263048016701411
2022-03-24,236000,241000,235500,240500,96373,0.010504201680672232
2022-03-25,240000,242000,237500,240000,63555,-0.0020790020790020236
2022-03-28,237500,241000,236000,240500,70401,0.002083333333333437
2022-03-29,242000,253000,240500,246500,278007,0.02494802494802495
2022-03-30,249000,249000,240500,242000,209293,-0.018255578093306246
2022-03-31,241500,245000,240000,242000,124977,0.0
2022-04-01,240500,243000,239000,241500,101397,-0.0020661157024793875
2022-04-04,240000,249500,239000,247500,172401,0.024844720496894457
2022-04-05,246500,249000,245500,247500,98377,0.0
2022-04-06,244500,249500,244000,248500,122625,0.004040404040404066
2022-04-07,246000,250500,245500,246000,137084,-0.010060362173038184
2022-04-08,247000,249000,245500,248000,78086,0.008130081300812941
2022-04-11,246000,250500,245000,248500,76216,0.002016129032258007
2022-04-12,248000,248500,243500,244000,91326,-0.01810865191146882
2022-04-13,245500,248500,243500,248500,70547,0.018442622950819665
2022-04-14,247000,249500,246500,249500,100825,0.004024144869215318
2022-04-15,246500,252000,245500,250500,103080,0.004008016032064132
2022-04-18,247000,252000,247000,249500,67552,-0.003992015968063867
2022-04-19,251000,252000,248500,251000,82344,0.006012024048096087
2022-04-20,250500,259000,249000,257000,281934,0.0239043824701195
2022-04-21,259000,267000,258000,265000,278311,0.03112840466926059
2022-04-22,261500,265500,260500,265000,162640,0.0
2022-04-25,260500,263500,256000,259000,139379,-0.02264150943396226
2022-04-26,260000,263500,255500,262000,141954,0.01158301158301156
2022-04-27,256500,262500,256000,261500,150855,-0.001908396946564861
2022-04-28,263000,271500,262000,269000,266977,0.028680688336520044
2022-04-29,267500,269500,265500,268000,123866,-0.0037174721189591198
2022-05-02,264500,270500,264000,269000,93565,0.003731343283582156
2022-05-03,268000,269500,260500,261000,196821,-0.029739776951672847
2022-05-04,261000,262000,257500,260500,148374,-0.0019157088122605526
2022-05-06,257000,261000,256500,258500,124041,-0.007677543186180413
2022-05-09,255500,256000,246500,248500,243820,-0.03868471953578334
2022-05-10,244500,247500,238000,246500,223043,-0.008048289738430636
2022-05-11,243500,245000,239500,244000,168685,-0.010141987829614618
2022-05-12,240500,247500,240000,242500,199166,-0.006147540983606592
2022-05-13,243500,245500,242000,245000,154891,0.010309278350515427
2022-05-16,247500,247500,240500,245500,154160,0.0020408163265306367
2022-05-17,247000,250500,244500,250000,178108,0.018329938900203624
2022-05-18,250000,251000,245000,248000,179268,-0.008000000000000007
2022-05-19,243500,249500,242500,247000,142546,-0.0040322580645161255
2022-05-20,247500,251500,247500,248500,134164,0.006072874493927127
2022-05-23,248000,249500,245000,246000,114832,-0.010060362173038184
2022-05-24,244000,245000,233000,233000,508735,-0.05284552845528456
2022-05-25,235000,238000,235000,236500,177441,0.015021459227467782
2022-05-26,236500,238500,234500,236000,158214,-0.0021141649048626032
2022-05-27,239000,240500,237000,238000,117097,0.008474576271186418
2022-05-30,240500,243000,240000,243000,110215,0.021008403361344463
2022-05-31,243500,248500,241500,248000,657683,0.020576131687242816
2022-06-02,245000,249500,245000,249500,128442,0.006048387096774244
2022-06-03,250000,251000,247500,250000,67877,0.002004008016031955
2022-06-07,248500,250000,245500,246500,89724,-0.014000000000000012
2022-06-08,246000,247500,244500,246500,78008,0.0
2022-06-09,246500,249000,245000,249000,153389,0.010141987829614507
2022-06-10,245500,248000,245500,246500,67895,-0.010040160642570295
2022-06-13,240500,245000,238000,238500,137777,-0.032454361054766734
2022-06-14,236500,238500,233000,237000,137467,-0.0062893081761006275
2022-06-15,239000,239000,226500,227500,173102,-0.04008438818565396
2022-06-16,231000,234500,228000,228500,98589,0.00439560439560438
2022-06-17,225000,233500,223000,231500,186840,0.013129102844638973
2022-06-20,233500,233500,222500,224500,101436,-0.030237580993520474
2022-06-21,228000,230000,224000,227000,75410,0.011135857461024523
2022-06-22,227500,227500,217500,217500,170987,-0.04185022026431717
2022-06-23,217500,220500,214000,216000,148051,-0.006896551724137945
2022-06-24,216500,225500,215500,222000,152394,0.02777777777777768
2022-06-27,223500,224000,219000,222000,121742,0.0
2022-06-28,223000,225000,221000,225000,87302,0.013513513513513598
2022-06-29,221500,222500,216500,218000,153629,-0.03111111111111109
2022-06-30,217000,219500,214500,215000,149136,-0.013761467889908285
2022-07-01,217500,218000,209000,211500,165068,-0.016279069767441867
2022-07-04,210500,212500,206500,209500,125357,-0.009456264775413725
2022-07-05,211500,217000,210000,216500,93468,0.03341288782816232
2022-07-06,214000,216000,205500,205500,145625,-0.050808314087759765
2022-07-07,209000,209500,206000,208000,94819,0.012165450121654597
2022-07-08,209500,211500,208500,208500,111719,0.0024038461538462563
2022-07-11,209500,212000,207500,208000,70567,-0.0023980815347721673
2022-07-12,206500,208000,202500,206500,97109,-0.007211538461538436
2022-07-13,207000,209500,203500,208500,110400,0.009685230024213176
2022-07-14,206000,209500,204000,206500,162283,-0.00959232613908878
2022-07-15,209000,214500,203500,210500,154279,0.01937046004842613
2022-07-18,212500,215500,211500,212500,83197,0.009501187648456089
2022-07-19,211500,219500,210000,216000,112634,0.016470588235294015
2022-07-20,220500,221000,214000,215500,97787,-0.0023148148148147696
2022-07-21,214500,217000,214000,216000,96977,0.002320185614849146
2022-07-22,216500,217000,213500,214000,95709,-0.0092592592592593
2022-07-25,213500,219000,212500,217500,91873,0.016355140186915973
2022-07-26,216500,219000,215500,217500,53332,0.0
2022-07-27,220500,220500,216000,219500,69716,0.009195402298850519
2022-07-28,220000,222500,218000,218500,120982,-0.004555808656036442
2022-07-29,220500,223000,218000,220000,155054,0.006864988558352492
2022-08-01,219500,221500,218000,218000,93822,-0.009090909090909038
2022-08-02,217500,218000,213000,214500,120875,-0.016055045871559592
2022-08-03,214500,216500,213500,216000,130572,0.006993006993007089
2022-08-04,218000,218000,213000,215500,124658,-0.0023148148148147696
2022-08-05,215500,219500,214500,218000,81107,0.011600928074245953
2022-08-08,217000,221000,217000,219500,63201,0.006880733944954143
2022-08-09,219000,222000,218500,221000,95172,0.006833712984054774
2022-08-10,220500,228500,219000,223000,181109,0.009049773755656076
2022-08-11,227000,230500,225000,228500,205164,0.024663677130044803
2022-08-12,229000,231500,228000,230000,97305,0.006564551422319376
2022-08-16,233000,236500,228500,229500,101352,-0.0021739130434782483
2022-08-17,232000,239500,232000,236500,185833,0.030501089324618702
2022-08-18,234000,239000,234000,236000,122396,-0.0021141649048626032
2022-08-19,235000,236500,231500,231500,108529,-0.01906779661016944
2022-08-22,227500,231500,227500,229500,97020,-0.008639308855291628
2022-08-23,228000,230500,224500,225500,122366,-0.017429193899782147
2022-08-24,227000,233500,227000,232500,151226,0.03104212860310418
2022-08-25,232500,235500,230000,234500,90022,0.008602150537634357
2022-08-26,235000,238000,233000,233500,82065,-0.004264392324093813
2022-08-29,227500,231000,226500,227000,115526,-0.027837259100642386
2022-08-30,229500,229500,226000,227500,59105,0.0022026431718060735
2022-08-31,233500,235500,230000,233000,263607,0.02417582417582409
2022-09-01,230500,231000,223500,223500,164168,-0.04077253218884125
2022-09-02,224500,227500,222500,224500,89571,0.004474272930648837
2022-09-05,225000,228000,224000,225000,56809,0.00222717149220486
2022-09-06,224500,225500,220500,221000,87816,-0.01777777777777778
2022-09-07,219500,220500,215500,219000,85988,-0.009049773755656076
2022-09-08,221000,222500,218500,219500,103523,0.0022831050228311334
2022-09-13,224000,231500,222500,230000,154546,0.04783599088838275
2022-09-14,224000,227000,222500,224500,101556,-0.023913043478260843
2022-09-15,225000,231500,223500,228000,107002,0.015590200445434244
2022-09-16,225500,228000,223000,224500,107824,-0.015350877192982448
2022-09-19,225000,226000,221000,221500,59915,-0.013363028953229383
2022-09-20,223500,228000,223500,225500,61140,0.018058690744920947
2022-09-21,224000,226500,222500,223500,61385,-0.008869179600886956
2022-09-22,221000,223000,218500,222000,69275,-0.006711409395973145
2022-09-23,224500,224500,214000,214500,104536,-0.03378378378378377
2022-09-26,210000,211500,203000,204000,156495,-0.04895104895104896
2022-09-27,204000,205500,198500,201000,153354,-0.014705882352941124
2022-09-28,199500,201000,192000,194000,177000,-0.03482587064676612
2022-09-29,198500,199500,194000,195500,115411,0.0077319587628865705
2022-09-30,195500,198000,191500,192000,122060,-0.01790281329923271
2022-10-04,196500,203500,194500,201500,108468,0.04947916666666674
2022-10-05,204500,204500,199000,200000,113704,-0.007444168734491274
2022-10-06,201500,205000,200500,202500,70450,0.012499999999999956
2022-10-07,200000,208500,198000,206000,166717,0.01728395061728394
2022-10-11,201500,203500,198000,199500,130329,-0.03155339805825241
2022-10-12,198000,202500,197000,202000,87433,0.012531328320801949
2022-10-13,201500,203000,199000,199500,112787,-0.012376237623762387
2022-10-14,203000,209500,202000,206000,124201,0.032581453634085156
2022-10-17,199000,199500,192500,198500,360879,-0.036407766990291246
2022-10-18,202000,207000,201500,205000,123813,0.032745591939546514
2022-10-19,208000,208000,204000,204500,75430,-0.0024390243902439046
2022-10-20,203500,208500,203000,207500,148121,0.014669926650366705
2022-10-21,205000,206500,199500,202000,141047,-0.026506024096385583
2022-10-24,204000,207500,199500,202000,121460,0.0
2022-10-25,203500,206500,201000,206500,91219,0.022277227722772297
2022-10-26,204000,207000,203500,205500,72956,-0.004842615012106588
2022-10-27,207000,212000,206000,210500,126162,0.024330900243308973
2022-10-28,210000,214000,209500,210500,99333,0.0
2022-10-31,213000,214000,208500,214000,117360,0.016627078384798155
2022-11-01,214000,218000,212500,218000,136804,0.01869158878504673
2022-11-02,216000,221000,215500,218500,111937,0.002293577981651307
2022-11-03,215000,222000,215000,219500,119522,0.004576659038901587
2022-11-04,218500,219500,214000,218000,99062,-0.006833712984054663
2022-11-07,218000,222500,217500,222000,81585,0.0183486238532109
2022-11-08,222500,225500,220500,224000,89136,0.009009009009008917
2022-11-09,225500,225500,221500,223500,103483,-0.0022321428571429047
2022-11-10,221500,225500,219500,220000,121090,-0.015659955257270708
2022-11-11,225500,229000,224000,227000,158942,0.031818181818181746
2022-11-14,225500,228000,221500,222000,139616,-0.022026431718061623
2022-11-15,221500,222500,218000,219000,131446,-0.013513513513513487
2022-11-16,219000,220000,214500,220000,162028,0.004566210045662045
2022-11-17,220000,221500,216000,216500,92498,-0.015909090909090873
2022-11-18,215000,216500,210500,211000,162473,-0.025404157043879882
2022-11-21,212000,212000,206000,208500,144213,-0.011848341232227444
2022-11-22,208500,208500,204000,206000,133532,-0.011990407673860948
2022-11-23,207000,207000,203500,205000,161055,-0.004854368932038833
2022-11-24,207000,208500,205500,208000,79622,0.014634146341463428
2022-11-25,209000,211500,207000,210000,108787,0.009615384615384581
2022-11-28,210000,212500,207500,210500,111704,0.0023809523809523725
2022-11-29,212000,217000,208500,215500,104046,0.02375296912114022
2022-11-30,213500,220000,212500,219000,228247,0.016241299303944245
2022-12-01,221500,222000,217000,217500,103206,-0.006849315068493178
2022-12-02,218000,218000,210500,211000,126715,-0.029885057471264354
2022-12-05,211500,214000,208000,211000,104508,0.0
2022-12-06,210000,212500,207500,209500,119848,-0.007109004739336511
2022-12-07,208500,210000,203500,204000,166394,-0.026252983293556076
2022-12-08,205500,205500,200500,204000,152905,0.0
2022-12-09,204500,205000,201000,203500,148824,-0.002450980392156854
2022-12-12,203000,204000,199500,201500,135261,-0.009828009828009798
2022-12-13,203000,204000,200500,202500,89535,0.00496277915632759
2022-12-14,203500,206500,203500,205500,110800,0.014814814814814836
2022-12-15,204500,206000,203000,203000,63401,-0.012165450121654486
2022-12-16,201500,203500,200500,203500,110334,0.0024630541871921707
2022-12-19,202000,203500,201000,203000,67810,-0.002457002457002422
2022-12-20,203500,203500,200000,200500,91778,-0.012315270935960632
2022-12-21,201500,201500,198500,199500,103143,-0.004987531172069848
2022-12-22,200000,201500,199000,201000,109683,0.007518796992481258
2022-12-23,199000,200500,197500,198500,87664,-0.01243781094527363
2022-12-26,199500,201000,198000,200500,102637,0.010075566750629816
2022-12-27,200500,202500,200500,202500,140593,0.009975062344139696
2022-12-28,199000,199000,195500,196500,121655,-0.029629629629629672
2022-12-29,195000,196000,189000,189000,143674,-0.03816793893129766
2023-01-02,188500,191000,184500,185000,91764,-0.021164021164021163
2023-01-03,185000,185500,178500,184000,190444,-0.00540540540540535
2023-01-04,182000,189500,181000,188500,113141,0.024456521739130377
2023-01-05,187500,191000,186000,187500,85440,-0.0053050397877983935
2023-01-06,185000,188500,185000,186500,99160,-0.005333333333333301
2023-01-09,189000,194000,188500,193500,111557,0.03753351206434319
2023-01-10,193000,193000,188000,189500,129761,-0.02067183462532296
2023-01-11,189500,191000,188500,189500,83699,0.0
2023-01-12,190000,192500,189500,190500,122468,0.005277044854881341
2023-01-13,192000,197000,191500,193000,124206,0.013123359580052396
2023-01-16,194500,196000,192000,194500,73794,0.007772020725388629
2023-01-17,194500,195000,192000,194000,93198,-0.0025706940874036244
2023-01-18,194000,194000,190500,192000,68119,-0.010309278350515427
2023-01-19,190000,194500,190000,193000,64432,0.005208333333333259
2023-01-20,192000,194000,190000,194000,63930,0.005181347150259086
2023-01-25,195100,197100,193900,194700,90908,0.0036082474226803996
2023-01-26,194400,197900,194400,197900,105859,0.016435541859270764
2023-01-27,197900,206000,197900,205500,231640,0.03840323395654366
2023-01-30,203500,205000,199800,199800,125462,-0.027737226277372296
2023-01-31,199800,202500,197200,198100,166516,-0.008508508508508483
2023-02-01,198400,200500,197800,200500,121055,0.012115093387178089
2023-02-02,201500,202500,197600,198300,145663,-0.010972568578553665
2023-02-03,198300,200500,197100,200500,92857,0.011094301563288056
2023-02-06,199500,201000,196900,197400,103899,-0.015461346633416473
2023-02-07,197000,198000,195300,195500,126008,-0.009625126646403248
2023-02-08,196200,200500,196200,200500,97624,0.025575447570332477
2023-02-09,198300,202000,198200,198900,108297,-0.007980049875311757
2023-02-10,197200,199300,196900,199000,95017,0.0005027652086475598
2023-02-13,197400,199900,195900,196000,126891,-0.015075376884422065
2023-02-14,197400,198600,196400,198000,99782,0.010204081632652962
2023-02-15,196100,197000,186100,186300,403894,-0.05909090909090908
2023-02-16,187300,189700,187300,187800,184614,0.008051529790660261
2023-02-17,186100,189300,186100,187100,125816,-0.0037273695420659836
2023-02-20,187100,188900,185800,187900,134198,0.00427578834847675
2023-02-21,187900,190500,187100,187900,143723,0.0
2023-02-22,186600,186700,184000,184100,194022,-0.020223523150612044
2023-02-23,184200,184700,182200,182500,215606,-0.00869092884302014
2023-02-24,182400,183300,180100,180400,189543,-0.011506849315068512
2023-02-27,179800,180100,177500,178300,188012,-0.01164079822616404
2023-02-28,178800,179300,177800,178600,387472,0.0016825574873808868
2023-03-02,177600,182300,177400,182100,194639,0.019596864501679745
2023-03-03,181200,183300,181200,181800,126352,-0.0016474464579900872
2023-03-06,183300,184600,182100,184400,129870,0.014301430143014215
2023-03-07,183800,184400,181000,181000,182240,-0.018438177874186557
2023-03-08,178000,178800,177300,177900,214835,-0.017127071823204387
2023-03-09,178200,178700,174100,174300,260053,-0.0202360876897133
2023-03-10,173000,173000,170800,172300,219685,-0.011474469305794655
2023-03-13,172200,173200,170200,172700,121326,0.002321532211259525
2023-03-14,170900,171500,167500,167600,202252,-0.029530978575564526
2023-03-15,169500,169800,165700,166000,221437,-0.009546539379474916
2023-03-16,165100,165100,162300,162900,200404,-0.01867469879518069
2023-03-17,164500,167700,163100,165000,195238,0.012891344383057168
2023-03-20,164900,165700,162600,162900,135172,-0.012727272727272698
2023-03-21,163400,170100,163400,167200,173052,0.02639656230816456
2023-03-22,168500,168900,164300,165300,173965,-0.011363636363636354
2023-03-23,163500,165600,162400,163300,196569,-0.012099213551119203
2023-03-24,162900,165800,162500,165200,119190,0.01163502755664414
2023-03-27,166000,166100,163600,164900,127082,-0.001815980629539915
2023-03-28,165500,166800,164200,166100,124846,0.0072771376591873604
2023-03-29,166200,167300,164300,165700,144667,-0.0024081878386513766
2023-03-30,167000,174800,165800,172800,331222,0.042848521424260655
2023-03-31,173300,173900,170400,172500,139551,-0.0017361111111111605
2023-04-03,172800,174800,171100,171800,114028,-0.004057971014492789
2023-04-04,171000,176500,171000,174500,179751,0.01571594877764837
2023-04-05,174500,176700,173100,173600,112227,-0.005157593123209181
2023-04-06,172900,172900,168600,169000,184584,-0.026497695852534586
2023-04-07,169400,172000,168100,171100,103723,0.012426035502958621
2023-04-10,170500,172900,169600,171300,100477,0.0011689070718878813
2023-04-11,171400,173900,169100,172200,189988,0.005253940455341555
2023-04-12,172400,177000,172300,176300,192773,0.023809523809523725
2023-04-13,175500,175500,172700,172700,170809,-0.02041973908111172
2023-04-14,173300,175800,173300,174700,134127,0.011580775911986141
2023-04-17,174400,174500,169600,170000,252761,-0.026903262736119093
2023-04-18,170300,171100,168900,170000,170398,0.0
2023-04-19,170000,172200,169900,170500,100654,0.002941176470588225
2023-04-20,170000,170200,167600,168200,167529,-0.013489736070381286
2023-04-21,168200,168200,165700,166900,93143,-0.007728894173602896
2023-04-24,166900,167400,164900,165200,97223,-0.010185739964050367
2023-04-25,165000,165200,162200,163100,157184,-0.012711864406779627
2023-04-26,163100,163900,162500,163400,106045,0.0018393623543837556
2023-04-27,163000,163100,159900,161900,151529,-0.009179926560587526
2023-04-28,162100,164200,161700,162500,142967,0.0037059913526868993
2023-05-02,162600,165500,162500,165400,151674,0.017846153846153845
2023-05-03,164700,165000,163100,163900,97354,-0.009068923821039854
2023-05-04,162400,164100,162100,164100,74895,0.0012202562538132788
2023-05-08,162600,167500,162600,166900,127164,0.01706276660572814
2023-05-09,167600,168900,166500,167700,129519,0.004793289394847244
2023-05-10,167500,168800,166200,167000,103488,-0.004174120453190211
2023-05-11,167000,168500,166300,166300,81808,-0.004191616766467066
2023-05-12,166400,166400,164100,164700,99291,-0.009621166566446182
2023-05-15,163800,166100,163000,165500,89023,0.004857316332726125
2023-05-16,165600,168400,163000,163100,108590,-0.014501510574018162
2023-05-17,162200,164500,161200,164100,99821,0.006131207847946074
2023-05-18,164700,167400,163000,167000,125667,0.017672151127361424
2023-05-19,167000,168900,166200,168400,149261,0.008383233532934131
2023-05-22,168400,173300,168100,172600,221979,0.02494061757719712
2023-05-23,172700,173900,171300,171900,95215,-0.004055619930475096
2023-05-24,171000,172000,169900,172000,96109,0.0005817335660267542
2023-05-25,170700,172100,169800,169800,119031,-0.01279069767441865
2023-05-26,169900,172800,169500,172800,113885,0.0176678445229681
2023-05-30,174000,175700,172100,172700,171864,-0.0005787037037037202
2023-05-31,171900,173400,167800,167800,405317,-0.028372900984365956
2023-06-01,168800,170400,167600,168100,147234,0.0017878426698449967
2023-06-02,168700,169700,168000,169600,94651,0.008923259964306984
2023-06-05,170300,172800,169800,169800,98425,0.001179245283018826
2023-06-07,171300,176200,170700,174800,245565,0.029446407538280317
2023-06-08,174000,174100,170700,170700,197806,-0.02345537757437066
2023-06-09,172100,173600,171700,173100,120494,0.014059753954305698
2023-06-12,172500,173700,170800,171000,81420,-0.012131715771230511
2023-06-13,171900,172400,170200,170700,120660,-0.0017543859649122862
2023-06-14,171300,171700,168500,168600,139542,-0.012302284710017597
2023-06-15,169100,170000,166700,167200,142627,-0.008303677342823224
2023-06-16,167300,167900,165400,166000,188293,-0.0071770334928229484
2023-06-19,166100,166200,163400,164600,150261,-0.008433734939759074
2023-06-20,165400,165400,163100,163500,143262,-0.006682867557715633
2023-06-21,163800,163800,161000,161200,176356,-0.014067278287461793
2023-06-22,161200,161600,160000,161000,131371,-0.001240694789081842
2023-06-23,160800,161800,157700,158200,202492,-0.017391304347826098
2023-06-26,155300,155400,148500,151600,488189,-0.041719342604298326
2023-06-27,151000,155600,150900,155100,194299,0.02308707124010545
2023-06-28,156100,156800,152000,153100,180841,-0.012894906511927817
2023-06-29,152000,152400,148200,148300,250860,-0.03135205747877201
2023-06-30,148000,149500,146500,148700,157146,0.0026972353337828547
2023-07-03,149900,151900,149100,149700,127387,0.00672494956287828
2023-07-04,149600,151000,147000,147700,149664,-0.013360053440213737
2023-07-05,147800,148700,146500,147200,154402,-0.003385240352065
2023-07-06,146400,147200,143100,143500,235923,-0.025135869565217406
2023-07-07,142800,142800,139500,140200,245180,-0.022996515679442497
2023-07-10,139900,143800,139600,143100,129716,0.02068473609129806
2023-07-11,143500,145600,142600,145100,123071,0.013976240391334827
2023-07-12,145200,148400,144400,148100,137252,0.020675396278428737
2023-07-13,149400,150100,147100,147500,261581,-0.004051316677920358
2023-07-14,147600,150100,147500,149400,138093,0.012881355932203409
2023-07-17,148000,149400,146500,148100,103044,-0.00870147255689424
2023-07-18,149100,150000,146800,147600,106017,-0.0033760972316002613
2023-07-19,148000,148500,146100,147000,155051,-0.004065040650406471
2023-07-20,146100,149400,145400,147800,118112,0.0054421768707482165
2023-07-21,147100,148300,144100,148200,135133,0.0027063599458727605
2023-07-24,148000,149200,145000,148200,175185,0.0
2023-07-25,148300,149700,146900,148300,173904,0.0006747638326585204
2023-07-26,148000,149200,145200,146200,251610,-0.014160485502360043
2023-07-27,147000,150300,146800,148400,226702,0.015047879616963078
2023-07-28,147000,150800,145700,150700,126451,0.015498652291105142
2023-07-31,151500,157400,150800,152800,253239,0.013934970139349634
2023-08-01,153500,158700,153500,157600,223194,0.03141361256544495
2023-08-02,156000,158900,154800,155200,125353,-0.015228426395939132
2023-08-03,154600,156600,154100,155500,109758,0.0019329896907216426
2023-08-04,156100,156500,154700,155500,76807,0.0
2023-08-07,154600,155600,153400,154200,84050,-0.00836012861736335
2023-08-08,155600,155600,151500,153100,97847,-0.007133592736705552
2023-08-09,152100,153200,151200,152000,84349,-0.007184846505551956
2023-08-10,152000,157000,151200,151200,232014,-0.0052631578947368585
2023-08-11,151600,154200,151000,151100,96116,-0.000661375661375696
2023-08-14,150800,152600,148300,148500,126541,-0.017207147584381244
2023-08-16,147800,148200,143500,143500,190275,-0.03367003367003363
2023-08-17,142900,143400,140500,141500,171210,-0.013937282229965153
2023-08-18,140300,140400,138700,138800,187844,-0.0190812720848057
2023-08-21,139200,142100,139200,140100,101597,0.009365994236311348
2023-08-22,140900,143300,139800,142000,113896,0.013561741613133504
2023-08-23,140900,142900,140700,141900,87609,-0.0007042253521126751
2023-08-24,142900,144300,142300,143200,65490,0.009161381254404466
2023-08-25,140700,143100,140500,142500,84278,-0.004888268156424624
2023-08-28,143900,145300,142400,144500,68492,0.01403508771929829
2023-08-29,144500,146000,143800,144600,56749,0.0006920415224913601
2023-08-30,146000,146600,145300,145800,66563,0.008298755186721962
2023-08-31,145800,146700,144300,144500,262335,-0.008916323731138598
2023-09-01,145700,154400,145700,149300,239578,0.03321799307958484
2023-09-04,149100,151000,148000,150700,64523,0.009377093101138545
2023-09-05,149700,150600,148700,149300,67247,-0.00928998009289983
2023-09-06,149200,150000,148000,148300,63669,-0.0066979236436705
2023-09-07,147500,148800,145400,146000,92411,-0.01550910316925147
2023-09-08,146200,147400,144500,146900,107296,0.006164383561643838
2023-09-11,146900,148600,146500,147300,68688,0.002722940776038074
2023-09-12,147900,148500,145800,146100,90229,-0.008146639511201648
2023-09-13,145700,148300,145700,146600,90943,0.003422313483915085
2023-09-14,146500,148400,146100,147800,138511,0.008185538881309684
2023-09-15,149200,152500,148300,151900,228745,0.027740189445196295
2023-09-18,152000,152100,150100,150300,102472,-0.010533245556286985
2023-09-19,150400,151500,149900,151000,73253,0.004657351962741085
2023-09-20,150600,153200,150500,152600,122999,0.01059602649006619
2023-09-21,151700,152600,149800,149900,94646,-0.017693315858453462
2023-09-22,148100,150300,145600,149300,93133,-0.004002668445630464
2023-09-25,149000,150300,148200,149500,59709,0.0013395847287340779
2023-09-26,148200,150500,146100,146200,85306,-0.022073578595317778
2023-09-27,145100,148700,144500,146200,90407,0.0
2023-10-04,144900,145100,138600,138800,268331,-0.050615595075239384
2023-10-05,139500,140500,136000,136000,215489,-0.02017291066282423
2023-10-06,136000,136600,134700,134900,134798,-0.008088235294117618
2023-10-10,137500,141200,136300,137800,141191,0.021497405485544796
2023-10-11,137900,148000,137800,147300,190580,0.06894049346879538
2023-10-12,148300,163100,146200,159100,788364,0.08010862186014944
2023-10-13,157300,157800,152400,153500,274175,-0.035197988686360815
2023-10-16,153500,153500,150600,151800,131379,-0.011074918566775227
2023-10-17,152000,153200,150900,152000,97757,0.0013175230566535578
2023-10-18,151000,152800,149600,149900,84767,-0.013815789473684226
2023-10-19,148000,150500,146700,149300,117789,-0.004002668445630464
2023-10-20,148100,148800,142300,145200,206525,-0.02746148693904893
2023-10-23,144400,144400,141400,141600,157491,-0.024793388429752095
2023-10-24,142500,143700,139300,141700,97398,0.0007062146892655718
2023-10-25,142100,145000,141900,143000,80396,0.00917431192660545
2023-10-26,141700,141800,139100,140800,135689,-0.01538461538461533
2023-10-27,142200,142300,139000,139500,98397,-0.009232954545454586
2023-10-30,139000,143700,139000,143400,76705,0.027956989247311936
2023-10-31,144500,146600,141000,142000,92614,-0.009762900976290068
2023-11-01,145000,148800,143800,144900,158505,0.02042253521126769
2023-11-02,147400,149700,146400,148900,150198,0.027605244996549372
2023-11-03,150400,155700,150200,155500,208087,0.04432505036937551
2023-11-06,157300,160800,156100,160800,225211,0.034083601286173604
2023-11-07,159000,161000,156400,159900,193782,-0.005597014925373123
2023-11-08,161800,161800,157100,159900,125723,0.0
2023-11-09,158600,161900,158600,159600,164418,-0.0018761726078799779
2023-11-10,159100,160200,157100,159600,82496,0.0
2023-11-13,159000,159300,154200,155600,118882,-0.02506265664160401
2023-11-14,157500,160700,156700,158600,125092,0.019280205655527016
2023-11-15,161900,164700,161900,163800,177563,0.032786885245901676
2023-11-16,163000,164600,162500,164600,100759,0.004884004884004867
2023-11-17,164900,164900,161400,163000,90086,-0.009720534629404587
2023-11-20,163000,164400,161100,163700,80679,0.004294478527607337
2023-11-21,164500,164600,161800,164000,99448,0.0018326206475258733
2023-11-22,162700,164500,162200,163500,107312,-0.0030487804878048808
2023-11-23,163500,164300,161800,163300,85112,-0.0012232415902140303
2023-11-24,163500,163500,160400,160700,111928,-0.015921616656460524
2023-11-27,161500,162900,159900,161800,95290,0.0068450528935906085
2023-11-28,162600,167500,161500,166600,210522,0.02966625463535233
2023-11-29,165000,166500,162300,164700,126308,-0.01140456182472993
2023-11-30,165200,166300,162400,163600,252803,-0.006678809957498477
2023-12-01,163500,166800,163500,165200,123422,0.009779951100244544
2023-12-04,166600,168500,164500,167300,123006,0.012711864406779627
2023-12-05,165900,169500,165100,168500,131618,0.007172743574417106
2023-12-06,168500,170500,168200,168900,118792,0.002373887240356032
2023-12-07,167300,169800,166300,169700,101941,0.004736530491415092
2023-12-08,170200,171000,168500,170800,103716,0.006482027106658794
2023-12-11,171500,172000,169500,170800,75748,0.0
2023-12-12,171600,172300,169900,171500,116788,0.004098360655737654
2023-12-13,171100,173100,171100,172000,108752,0.00291545189504383
2023-12-14,173600,174900,173200,174000,212418,0.011627906976744207
2023-12-15,174600,177800,174100,177600,209465,0.020689655172413834
2023-12-18,177500,177500,174500,174500,98657,-0.01745495495495497
2023-12-19,174200,176700,174200,175700,89769,0.006876790830945501
2023-12-20,176000,178200,175800,177200,111449,0.008537279453614044
2023-12-21,176000,177600,174200,175300,90934,-0.010722347629796847
2023-12-22,175400,176300,173000,173500,99700,-0.01026811180832854
2023-12-26,175200,176100,173500,175000,101768,0.008645533141210304
2023-12-27,174300,177300,173300,176200,93612,0.006857142857142895
2023-12-28,176500,178000,175300,178000,101232,0.010215664018161208
2024-01-02,176900,180600,176900,180500,119328,0.014044943820224809
2024-01-03,179500,179900,176600,176800,105686,-0.020498614958448735
2024-01-04,175900,176000,168800,171500,204489,-0.029977375565610864
2024-01-05,170100,171900,169200,170400,113701,-0.00641399416909616
2024-01-08,171300,171300,166500,166500,93810,-0.022887323943661997
2024-01-09,168400,170300,167700,168900,87406,0.01441441441441449
2024-01-10,168500,170300,163900,164400,112195,-0.026642984014209614
2024-01-11,165200,165500,163000,163800,92997,-0.0036496350364964014
2024-01-12,164100,165200,162000,163400,66053,-0.0024420024420024333
2024-01-15,164000,164000,160500,161500,81963,-0.011627906976744207
2024-01-16,160100,161900,157800,158200,97604,-0.02043343653250773
2024-01-17,158000,158000,152800,153000,140177,-0.03286978508217442
2024-01-18,152500,154500,150300,151200,120898,-0.0117647058823529
2024-01-19,152000,154500,151100,153800,97363,0.01719576719576721
2024-01-22,154600,157900,154100,156500,68134,0.017555266579974083
2024-01-23,158300,159200,155300,158900,60468,0.015335463258785875
2024-01-24,158000,159200,155300,158000,65762,-0.005663939584644395
2024-01-25,158000,160800,155700,160800,64633,0.017721518987341867
2024-01-26,159100,161200,159000,160200,65350,-0.003731343283582045
2024-01-29,160200,180000,160000,176100,548505,0.09925093632958792
2024-01-30,179200,179800,173200,174600,316103,-0.008517887563884163
2024-01-31,173800,184800,170800,183500,415821,0.05097365406643761
2024-02-01,182600,198300,180900,197000,984636,0.07356948228882842
2024-02-02,195600,199500,189800,196800,570909,-0.0010152284263958977
2024-02-05,195600,197900,188800,193200,341217,-0.018292682926829285
2024-02-06,193700,198300,191200,192500,217600,-0.0036231884057971175
2024-02-07,193000,198200,191800,197700,281077,0.027012987012986933
2024-02-08,194400,198600,191900,196000,275862,-0.008598887202832528
2024-02-13,195900,199500,194700,195500,189920,-0.0025510204081632404
2024-02-14,192000,195400,188300,188700,220967,-0.034782608695652195
2024-02-15,191100,191100,185300,186700,160922,-0.010598834128245915
2024-02-16,188200,194300,186100,194000,190210,0.039100160685591856
2024-02-19,195800,209500,195500,207500,487914,0.06958762886597936
2024-02-20,208000,208500,195600,199000,246579,-0.04096385542168679
2024-02-21,198900,207000,195700,200500,191406,0.007537688442211143
2024-02-22,202500,205500,199900,204500,145844,0.01995012468827939
2024-02-23,206500,212000,201000,204000,260652,-0.0024449877750610804
2024-02-26,199800,199900,187200,190200,436018,-0.0676470588235294
2024-02-27,188800,189300,181600,185500,253583,-0.024710830704521514
2024-02-28,185500,195800,183600,193600,205607,0.043665768194069976
2024-02-29,194500,196700,188800,191800,372756,-0.009297520661157077
2024-03-04,192400,194500,190000,193200,162199,0.007299270072992803
2024-03-05,191300,199100,191200,193000,204672,-0.0010351966873706209
2024-03-06,192800,193000,187300,189400,171256,-0.01865284974093262
2024-03-07,190200,195600,187800,191900,162483,0.013199577613516311
2024-03-08,193400,194700,188700,189700,117141,-0.011464304325169317
2024-03-11,187700,189500,184100,184400,124410,-0.027938850817079586
2024-03-12,186200,186200,178300,180400,254731,-0.021691973969631184
2024-03-13,181000,181300,178300,179200,185342,-0.006651884700665134
2024-03-14,180400,191400,180200,188900,313186,0.05412946428571419
2024-03-15,188900,192700,187000,187300,204573,-0.00847008999470622
2024-03-18,189300,189300,183700,184200,102543,-0.01655098772023489
2024-03-19,182400,185300,182300,182700,99398,-0.008143322475570036
2024-03-20,185000,186700,182900,183000,92703,0.0016420361247948545
2024-03-21,186700,191500,184800,191000,196151,0.04371584699453557
2024-03-22,189000,196600,189000,191200,138851,0.0010471204188482464
2024-03-25,191500,192600,187500,187900,84198,-0.01725941422594146
2024-03-26,190000,191700,188200,188400,95394,0.0026609898882383742
2024-03-27,186500,188900,185100,185200,92587,-0.01698513800424628
2024-03-28,186000,187200,182600,182600,117312,-0.01403887688984884
2024-03-29,181000,182200,178300,178600,157851,-0.02190580503833517
2024-04-01,179900,180000,174400,177000,184373,-0.00895856662933936
2024-04-02,175200,178700,175100,178000,108193,0.005649717514124353
2024-04-03,176600,177700,174400,175500,121539,-0.014044943820224698
2024-04-04,177800,181600,176400,179200,133828,0.021082621082621156
2024-04-05,176500,179200,175400,175700,81260,-0.01953125
2024-04-08,175200,175700,171000,171700,132535,-0.02276607854297097
2024-04-09,171900,172700,166200,166700,152537,-0.02912055911473499
2024-04-11,161500,164500,160200,162600,239818,-0.024595080983803252
2024-04-12,161000,163600,159100,161400,124502,-0.0073800738007380184
2024-04-15,160600,166900,159500,164900,99908,0.021685254027261402
2024-04-16,163000,163800,159800,160000,118532,-0.029714978775015166
2024-04-17,160100,162400,156400,157000,217062,-0.018750000000000044
2024-04-18,157000,159400,156300,156800,113415,-0.001273885350318471
2024-04-19,155100,157500,153400,155500,118931,-0.008290816326530615
2024-04-22,158800,164500,156600,162100,150373,0.04244372990353695
2024-04-23,163700,164000,160700,160700,82638,-0.00863664404688469
2024-04-24,162500,164200,161500,162000,97195,0.008089607965152457
2024-04-25,160400,165600,160300,161300,99545,-0.004320987654320985
2024-04-26,162200,164500,160400,163400,56165,0.013019218846869185
2024-04-29,168500,169800,164400,168900,112819,0.033659730722154224
2024-04-30,167400,169500,166000,166000,113834,-0.01716992303137954
2024-05-02,164800,166500,160900,162000,107561,-0.02409638554216864
2024-05-03,162600,162700,160200,160500,93507,-0.0092592592592593
2024-05-07,161800,164900,160400,164900,122740,0.027414330218068494
2024-05-08,165200,165700,163000,164800,72644,-0.0006064281382656134
2024-05-09,164800,165000,160000,160000,151160,-0.029126213592232997
2024-05-10,161500,164000,161400,163500,80778,0.02187500000000009
2024-05-13,164100,164100,161100,161800,74390,-0.010397553516819591
2024-05-14,162200,163300,161500,162800,78090,0.006180469715698411
2024-05-16,164900,166800,163100,163400,130682,0.0036855036855036882
2024-05-17,163100,163800,156900,156900,256782,-0.03977968176254587
2024-05-20,156800,158500,155400,156300,120933,-0.003824091778202643
2024-05-21,155100,155900,150900,151400,200165,-0.031349968010236706
2024-05-22,151500,152800,150600,151500,115261,0.0006605019815060231
2024-05-23,150500,152000,149600,150100,155096,-0.009240924092409286
2024-05-24,149300,151500,148500,148800,126956,-0.008660892738174497
2024-05-27,148900,150800,148900,150300,89644,0.010080645161290258
2024-05-28,150300,150800,148600,149000,122461,-0.008649367930805063
2024-05-29,148100,149400,144400,144700,273090,-0.0288590604026846
2024-05-30,143300,167700,143200,158100,1335950,0.09260539046302685
2024-05-31,164500,180900,157000,176200,3630128,0.1144845034788109
2024-06-03,176200,192900,176000,178800,2907456,0.014755959137343844
2024-06-04,175400,178300,166100,166100,1050117,-0.07102908277404918
2024-06-05,168400,171000,161500,164000,548064,-0.012642986152919922
2024-06-07,166400,186300,166400,182000,1847930,0.10975609756097571
2024-06-10,184300,194700,180200,188600,1615800,0.03626373626373636
2024-06-11,191300,195700,181200,181400,824979,-0.038176033934252396
2024-06-12,182300,191400,180100,188300,669143,0.03803748621830216
2024-06-13,187000,191900,183300,183300,542803,-0.026553372278279364
2024-06-14,183300,185800,171300,177300,443251,-0.032733224222585955
2024-06-17,176100,181500,170900,176900,460220,-0.002256063169768785
2024-06-18,175000,178200,167100,169000,594896,-0.04465799886941779
2024-06-19,169400,170900,166000,167100,319033,-0.011242603550295827
2024-06-20,165100,166900,156900,160500,910380,-0.03949730700179532
2024-06-21,158500,163200,158100,160500,438289,0.0
2024-06-24,159600,161200,158000,158000,205803,-0.015576323987538943
2024-06-25,158700,159900,154800,155100,233288,-0.018354430379746822
2024-06-26,155100,156100,153600,155200,154613,0.0006447453255964408
2024-06-27,154200,154900,150800,152100,210959,-0.01997422680412375
2024-06-28,153600,160000,153100,158300,300000,0.04076265614727159
2024-07-01,158400,159400,155600,156800,131680,-0.009475679090334754
2024-07-02,155700,156800,152600,152900,141361,-0.024872448979591844
2024-07-03,153500,156000,152700,153200,109647,0.0019620667102682177
2024-07-04,153700,155900,151600,154400,144169,0.007832898172323688
2024-07-05,154400,158900,153900,155000,221973,0.0038860103626943143
2024-07-08,154600,156900,153500,155300,114424,0.001935483870967758
2024-07-09,156000,160100,155900,157500,161526,0.014166130070830674
2024-07-10,156800,157400,153500,153500,160079,-0.025396825396825418
2024-07-11,155000,155400,153300,154000,178467,0.0032573289902280145
2024-07-12,154400,155500,153100,155100,98955,0.0071428571428571175
2024-07-15,155800,156800,154000,154500,109493,-0.003868471953578312
2024-07-16,155300,160900,154900,157200,296499,0.01747572815533971
2024-07-17,158000,158700,153300,155900,299203,-0.008269720101781175
2024-07-18,159400,159600,148600,149500,510608,-0.041051956382296306
2024-07-19,148600,150400,147800,150000,163209,0.0033444816053511683
2024-07-22,150000,150000,146300,146300,176900,-0.024666666666666615
2024-07-23,146600,149400,145900,145900,199480,-0.002734107997265922
2024-07-24,145500,147800,142600,143800,205553,-0.014393420150788261
2024-07-25,142700,146300,142000,144700,130813,0.006258692628650975
2024-07-26,145500,149400,144200,149400,147924,0.03248099516240499
2024-07-29,148000,149600,146300,147600,125304,-0.012048192771084376
2024-07-30,146800,147600,145300,146700,104633,-0.0060975609756097615
2024-07-31,146800,149900,146000,149900,99728,0.021813224267211995
2024-08-01,148500,150000,147300,150000,121149,0.0006671114076051143
2024-08-02,148000,148000,143500,144900,164927,-0.03400000000000003
2024-08-05,142400,143000,128400,131300,347328,-0.09385783298826778
2024-08-06,132900,140400,132700,137600,239393,0.04798172124904809
2024-08-07,136600,137900,134200,134900,196849,-0.019622093023255793
2024-08-08,133600,137200,132000,136700,216062,0.013343217197924417
2024-08-09,137800,138400,135700,136700,97012,0.0
2024-08-12,136600,137700,136200,137700,97446,0.007315288953913646
2024-08-13,136700,138600,136000,138300,92620,0.004357298474945592
2024-08-14,138500,139300,137100,138200,77811,-0.000723065798987732
2024-08-16,139800,141400,138500,138500,74842,0.0021707670043416005
2024-08-19,138600,139700,137500,138300,60210,-0.0014440433212996595
2024-08-20,139100,142400,138300,138800,104268,0.003615328994938549
2024-08-21,139500,141200,137800,140000,71972,0.008645533141210304
2024-08-22,140000,143000,139400,142000,102128,0.014285714285714235
2024-08-23,141500,142800,139800,141800,72166,-0.0014084507042253502
2024-08-26,141900,144300,141000,144000,110147,0.015514809590973178
2024-08-27,144500,147700,143000,146200,118393,0.015277777777777724
2024-08-28,146300,147000,142200,142600,88521,-0.024623803009575895
2024-08-29,142500,146000,141100,144400,100298,0.012622720897615736
2024-08-30,145800,146100,143200,143200,198422,-0.008310249307479256
2024-09-02,143600,144200,142200,143000,75979,-0.0013966480446927498
2024-09-03,143100,148300,142700,147400,217099,0.03076923076923066
2024-09-04,143800,143900,140700,141000,164581,-0.04341926729986434
2024-09-05,141300,144200,140600,142300,80094,0.009219858156028327
2024-09-06,142700,143500,140000,140900,92661,-0.00983836964160223
2024-09-09,137800,138200,134200,137600,176047,-0.023420865862313733
2024-09-10,138000,144800,137600,141300,155905,0.026889534883721034
2024-09-11,141600,145000,140500,144000,141630,0.019108280254777066
2024-09-12,145000,145000,142800,144300,189101,0.002083333333333437
2024-09-13,144400,148200,144000,147900,132867,0.02494802494802495
2024-09-19,149000,149600,146000,149600,166135,0.011494252873563315
2024-09-20,149600,156700,147500,154000,507998,0.02941176470588225
2024-09-23,155400,156600,153600,154300,131903,0.001948051948051921
2024-09-24,155100,157700,153600,155800,148211,0.009721322099805585
2024-09-25,156800,156900,151500,151500,185625,-0.02759948652118105
2024-09-26,153000,156300,152100,156300,132875,0.03168316831683171
2024-09-27,156300,157600,154300,155000,75999,-0.008317338451695466
2024-09-30,157000,158400,153200,153200,96631,-0.011612903225806437
2024-10-02,151000,152600,149500,150900,129303,-0.015013054830287254
2024-10-04,152000,153500,149000,151100,123981,0.001325381047051044
2024-10-07,150500,155500,149600,153300,100850,0.014559894109861027
2024-10-08,153200,153200,150200,150600,78357,-0.017612524461839585
2024-10-10,152700,155500,152300,152300,146379,0.011288180610889764
2024-10-11,154700,155300,151200,151500,102433,-0.005252790544977071
2024-10-14,151400,154000,150800,153100,103613,0.010561056105610644
2024-10-15,151900,153900,151500,152400,119757,-0.004572175048987548
2024-10-16,151000,151800,146100,148800,164051,-0.023622047244094446
2024-10-17,150600,150600,147000,147000,82699,-0.012096774193548376
2024-10-18,148000,150400,147700,148100,85893,0.007482993197278853
2024-10-21,149100,149700,146000,146500,82915,-0.01080351114112088
2024-10-22,145500,148000,145500,146200,72670,-0.0020477815699658786
2024-10-23,147300,148800,145900,147000,71050,0.00547195622435015
2024-10-24,147000,147500,145200,145500,74791,-0.010204081632653073
2024-10-25,146000,150300,145300,148600,111579,0.02130584192439855
2024-10-28,149000,150700,147600,150300,92276,0.01144010767160153
2024-10-29,152000,156600,151000,151600,147084,0.008649367930805063
2024-10-30,152800,152800,148600,149400,101109,-0.014511873350923521
2024-10-31,150200,150200,147300,148200,87779,-0.008032128514056214
2024-11-01,146800,149200,146500,149000,66144,0.005398110661268607
2024-11-04,148400,150100,146300,150100,83881,0.007382550335570448
2024-11-05,148400,152700,148400,152100,96836,0.013324450366422491
2024-11-06,151500,152400,148400,149000,78399,-0.020381328073635796
2024-11-07,147300,148600,144500,146100,105131,-0.01946308724832213
2024-11-08,148000,153200,148000,150900,125547,0.03285420944558526
2024-11-11,148300,149400,145300,146200,128548,-0.031146454605699092
2024-11-12,145000,146700,141600,143300,119033,-0.019835841313269542
2024-11-13,141500,142500,138000,139200,117405,-0.028611304954640593
2024-11-14,139200,140000,137100,138400,107713,-0.005747126436781658
2024-11-15,138400,138700,135200,135200,115429,-0.023121387283236983
2024-11-18,133500,139300,133500,138600,136046,0.025147928994082802
2024-11-19,137500,142000,137500,139900,142205,0.009379509379509487
2024-11-20,139300,140900,138900,139700,63089,-0.0014295925661186315
2024-11-21,139500,142300,138300,140400,85381,0.005010737294201872
2024-11-22,142000,142000,140100,140100,63653,-0.002136752136752129
2024-11-25,141500,144900,140400,144900,160133,0.03426124197002145
2024-11-26,143300,144700,141700,142800,72938,-0.01449275362318836
2024-11-27,142200,143400,139700,140200,67132,-0.018207282913165312
2024-11-28,141400,142300,139200,141200,56175,0.007132667617689048
2024-11-29,141900,141900,136500,136600,124104,-0.03257790368271951
2024-12-02,138600,139200,135900,136000,75034,-0.004392386530014614
2024-12-03,138000,139800,136800,139800,103899,0.027941176470588136
2024-12-04,136400,137700,135200,136200,143297,-0.025751072961373356
2024-12-05,136200,136700,132900,133000,122309,-0.023494860499265746
2024-12-06,133700,135300,130300,132500,138230,-0.003759398496240629
2024-12-09,131300,131300,127600,127600,151211,-0.03698113207547171
2024-12-10,128800,132900,128200,132500,99468,0.03840125391849525
2024-12-11,131900,134300,130500,134300,128297,0.0135849056603774
