Date,Open,High,Low,Close,Volume,Change
2022-01-03,30600,30700,30250,30350,1027133,-0.008169934640522847
2022-01-04,30400,30450,30000,30100,1102428,-0.008237232289950547
2022-01-05,30200,30850,30200,30800,1456180,0.023255813953488413
2022-01-06,30750,30800,30250,30250,989988,-0.017857142857142905
2022-01-07,30250,30450,30100,30250,638257,0.0
2022-01-10,30400,30900,30350,30800,688606,0.018181818181818077
2022-01-11,30650,31100,30600,30650,885682,-0.004870129870129913
2022-01-12,30800,31150,30750,30950,802203,0.00978792822185981
2022-01-13,30950,31500,30950,31300,1032376,0.011308562197092087
2022-01-14,31300,31500,31150,31200,726819,-0.0031948881789137795
2022-01-17,31350,31450,30950,31000,14794778,-0.0064102564102563875
2022-01-18,31200,31850,31200,31700,942311,0.022580645161290214
2022-01-19,31600,32000,31450,31900,1077893,0.006309148264984188
2022-01-20,32050,32300,31450,31550,845508,-0.010971786833855801
2022-01-21,31450,31900,31400,31750,702218,0.006339144215530945
2022-01-24,31650,32100,31600,31650,1171375,-0.0031496062992125706
2022-01-25,31550,31600,30550,30550,1048957,-0.034755134281200584
2022-01-26,30700,31600,30700,31400,930545,0.02782324058919805
2022-01-27,31350,31400,30800,30800,978210,-0.019108280254777066
2022-01-28,31150,31250,30700,31250,819709,0.014610389610389518
2022-02-03,31500,32150,31400,31650,887652,0.012799999999999923
2022-02-04,31700,32000,31600,31800,505227,0.004739336492890933
2022-02-07,31700,31950,31400,31900,684381,0.003144654088050425
2022-02-08,32050,32200,31700,31950,546871,0.0015673981191222097
2022-02-09,31900,32300,31850,32300,1010938,0.010954616588419341
2022-02-10,32350,32500,32000,32050,912648,-0.007739938080495334
2022-02-11,31850,32200,31850,31900,723088,-0.004680187207488307
2022-02-14,31800,32100,31700,31850,783743,-0.0015673981191222097
2022-02-15,31900,32200,31750,32000,667445,0.0047095761381474865
2022-02-16,32400,32450,32100,32350,820373,0.010937500000000044
2022-02-17,32400,32700,32150,32400,1032919,0.0015455950540959051
2022-02-18,32200,32400,32050,32100,590912,-0.0092592592592593
2022-02-21,31850,32100,31550,32050,589657,-0.0015576323987538387
2022-02-22,31750,32150,31650,32050,752258,0.0
2022-02-23,32150,32200,31900,32050,356989,0.0
2022-02-24,31750,31850,31450,31850,676956,-0.006240249609984372
2022-02-25,31850,31850,31500,31700,676558,-0.004709576138147598
2022-02-28,31650,32000,31450,32000,648978,0.009463722397476282
2022-03-02,31800,31900,31550,31600,858211,-0.012499999999999956
2022-03-03,31600,31900,31600,31850,688452,0.007911392405063333
2022-03-04,31800,32600,31600,32500,1129258,0.020408163265306145
2022-03-07,32250,32350,31900,31950,1320344,-0.01692307692307693
2022-03-08,31850,32450,31750,31950,1039974,0.0
2022-03-10,32400,32450,31850,31850,952245,-0.003129890453834161
2022-03-11,31850,32200,31750,32100,654424,0.007849293563579218
2022-03-14,32100,32850,31950,32800,1311317,0.02180685358255441
2022-03-15,32800,33450,32700,33100,1322761,0.009146341463414531
2022-03-16,33000,33200,32850,33050,819855,-0.0015105740181269312
2022-03-17,33250,33450,32550,32550,781142,-0.015128593040847238
2022-03-18,32600,33050,32500,32900,649795,0.010752688172043001
2022-03-21,33000,33200,32900,33100,561711,0.006079027355623046
2022-03-22,33200,33800,33100,33800,970776,0.02114803625377637
2022-03-23,33900,34600,33850,34150,1060844,0.010355029585798814
2022-03-24,34000,34600,33900,34600,906591,0.013177159590043841
2022-03-25,34750,35300,34500,35000,1547173,0.011560693641618602
2022-03-28,34950,35950,34850,35850,1557092,0.024285714285714244
2022-03-29,35850,35850,35000,35250,1156262,-0.01673640167364021
2022-03-30,35300,35300,33950,34400,2082660,-0.024113475177305
2022-03-31,34500,35850,34500,35700,1570359,0.03779069767441867
2022-04-01,35350,36850,35250,36500,2132177,0.022408963585434094
2022-04-04,36800,37400,36350,36650,1209989,0.004109589041095818
2022-04-05,36850,36950,36500,36750,797458,0.0027285129604366354
2022-04-06,36550,37200,36500,37100,895278,0.00952380952380949
2022-04-07,36900,36950,36000,36000,1207865,-0.029649595687331498
2022-04-08,36350,36900,36000,36300,945089,0.008333333333333304
2022-04-11,36200,37000,36000,36800,1121629,0.01377410468319562
2022-04-12,36700,37050,35950,36000,1522258,-0.021739130434782594
2022-04-13,36300,36600,35650,35950,1281988,-0.001388888888888884
2022-04-14,36000,36100,35350,35350,1683541,-0.016689847009735748
2022-04-15,35400,35700,34500,35150,1610566,-0.005657708628005631
2022-04-18,35150,35600,34900,35300,808050,0.004267425320056972
2022-04-19,35650,37000,35450,36900,1972859,0.04532577903682711
2022-04-20,36900,36950,36300,36300,1230348,-0.016260162601625994
2022-04-21,36500,36600,36100,36350,858067,0.0013774104683195176
2022-04-22,36200,36400,35800,36200,683224,-0.004126547455295726
2022-04-25,35550,36300,35500,35700,997986,-0.013812154696132617
2022-04-26,35800,36100,35650,35650,795614,-0.0014005602240896309
2022-04-27,34950,35600,34800,35100,1699807,-0.015427769985974726
2022-04-28,35150,35400,34800,35400,955652,0.008547008547008517
2022-04-29,35400,35800,35250,35800,989889,0.011299435028248483
2022-05-02,35550,35700,35300,35500,561492,-0.008379888268156388
2022-05-03,35350,35550,35100,35200,684781,-0.008450704225352101
2022-05-04,35300,35850,35300,35350,715082,0.0042613636363635354
2022-05-06,35600,35700,35400,35550,670222,0.005657708628005631
2022-05-09,35550,36050,35400,36000,940233,0.012658227848101333
2022-05-10,35750,36200,35500,36150,1016932,0.004166666666666652
2022-05-11,36000,36200,35200,35450,992060,-0.019363762102351356
2022-05-12,35500,36850,35500,36850,2646819,0.03949224259520445
2022-05-13,37000,37600,36600,37550,1839211,0.01899592944369055
2022-05-16,37800,37850,36600,36650,908775,-0.023968042609853524
2022-05-17,36850,36950,36400,36550,748146,-0.0027285129604365244
2022-05-18,36600,36600,36050,36250,965883,-0.008207934336525335
2022-05-19,35800,36400,35550,36350,1020051,0.0027586206896552667
2022-05-20,36300,36450,35750,35950,1204343,-0.011004126547455306
2022-05-23,35950,36150,35300,36100,1094711,0.004172461752433909
2022-05-24,35850,36150,35700,35900,556128,-0.005540166204986097
2022-05-25,36200,37000,36100,37000,1287543,0.03064066852367686
2022-05-26,36800,37400,36550,37150,1018489,0.004054054054054124
2022-05-27,37500,38400,37200,38050,1758183,0.024226110363391617
2022-05-30,38250,38300,37600,37700,1008194,-0.009198423127463884
2022-05-31,38100,38500,37900,37900,1164945,0.0053050397877985045
2022-06-02,38000,38200,37350,37650,700508,-0.006596306068601621
2022-06-03,37700,38150,37600,37750,678402,0.0026560424966799445
2022-06-07,37600,37800,37350,37350,662951,-0.01059602649006619
2022-06-08,37400,37450,37200,37450,462240,0.0026773761713521083
2022-06-09,37450,37600,36650,37600,982525,0.004005340453938633
2022-06-10,37550,37600,36850,37000,852947,-0.015957446808510634
2022-06-13,36400,36850,36300,36600,873430,-0.010810810810810811
2022-06-14,36550,37050,36100,36800,1270581,0.005464480874316946
2022-06-15,36800,36850,36200,36250,765001,-0.014945652173913082
2022-06-16,36450,36700,35700,35700,888455,-0.015172413793103412
2022-06-17,35500,36650,35250,36350,1554227,0.0182072829131652
2022-06-20,36650,36750,36100,36300,889914,-0.0013755158184318717
2022-06-21,36550,36550,36050,36050,710014,-0.00688705234159781
2022-06-22,36350,36400,35600,36100,847994,0.001386962552011095
2022-06-23,36150,36650,36150,36550,1238742,0.012465373961218829
2022-06-24,36700,37300,36500,37300,1039817,0.020519835841313228
2022-06-27,37450,37700,37050,37500,1039771,0.00536193029490617
2022-06-28,37500,37500,36900,37000,883024,-0.013333333333333308
2022-06-29,37200,37300,36800,36950,839523,-0.0013513513513513375
2022-06-30,36700,36750,36250,36450,1137067,-0.013531799729364025
2022-07-01,36850,37100,36450,36700,922048,0.006858710562414272
2022-07-04,36800,37200,36750,37150,746306,0.012261580381471404
2022-07-05,37450,37800,37200,37400,874600,0.006729475100942128
2022-07-06,37100,37350,36500,36600,902391,-0.021390374331550777
2022-07-07,36600,37000,36450,36950,712810,0.0095628415300546
2022-07-08,36700,37200,36650,36650,729650,-0.008119079837618393
2022-07-11,36850,37100,36650,37000,534130,0.009549795361528002
2022-07-12,37000,37350,36950,37250,662935,0.006756756756756799
2022-07-13,37450,37700,37100,37150,679310,-0.0026845637583892135
2022-07-14,37100,37300,36850,36950,707391,-0.0053835800807536804
2022-07-15,36950,37000,36300,36600,920147,-0.009472259810554773
2022-07-18,36750,37350,36700,37150,610638,0.015027322404371546
2022-07-19,37100,37200,36850,37050,542890,-0.0026917900403768957
2022-07-20,37200,37200,36700,37050,1138222,0.0
2022-07-21,36800,37500,36800,37400,817378,0.009446693657219951
2022-07-22,37300,37800,37000,37000,637354,-0.010695187165775444
2022-07-25,37300,37650,37200,37350,738581,0.009459459459459474
2022-07-26,37350,37600,37250,37400,500746,0.0013386880856760541
2022-07-27,37800,37900,37500,37700,738413,0.008021390374331583
2022-07-28,37900,37950,37400,37450,472066,-0.006631299734747964
2022-07-29,37650,37900,37500,37750,590080,0.008010680907877266
2022-08-01,37850,38400,37650,38350,661075,0.015894039735099286
2022-08-02,38250,38300,37700,37700,612833,-0.016949152542372836
2022-08-03,37600,37750,37300,37450,459299,-0.006631299734747964
2022-08-04,37500,37700,37350,37600,477998,0.004005340453938633
2022-08-05,37700,38150,37600,37950,639974,0.009308510638297962
2022-08-08,37800,38000,37700,37850,508347,-0.0026350461133070047
2022-08-09,37850,38400,37800,38250,640513,0.010568031704095038
2022-08-10,38500,39300,38450,38450,1540926,0.005228758169934622
2022-08-11,38950,38950,38050,38150,993385,-0.007802340702210642
2022-08-12,38100,38250,37650,37650,852461,-0.013106159895150737
2022-08-16,37800,37850,37550,37700,688533,0.0013280212483399723
2022-08-17,37900,38400,37550,38300,722004,0.01591511936339529
2022-08-18,38100,38400,37950,38000,567741,-0.007832898172323799
2022-08-19,38150,38900,38000,38650,886881,0.017105263157894735
2022-08-22,38500,39200,38350,39100,1050093,0.011642949547218562
2022-08-23,39000,39300,38950,39150,814364,0.0012787723785165905
2022-08-24,39200,39200,38600,38600,740493,-0.01404853128991057
2022-08-25,38750,39100,38550,38550,497369,-0.0012953367875647714
2022-08-26,38550,38600,37950,38050,857989,-0.012970168612191912
2022-08-29,37500,38250,37500,38000,661918,-0.0013140604467805073
2022-08-30,37950,38300,37750,37900,500920,-0.0026315789473684292
2022-08-31,37800,37800,37050,37200,1196603,-0.01846965699208447
2022-09-01,37000,37050,36350,36650,1356551,-0.014784946236559127
2022-09-02,36500,36850,36200,36650,824733,0.0
2022-09-05,36550,37050,36550,36950,476354,0.008185538881309684
2022-09-06,37000,37200,36700,37100,489709,0.004059539918809252
2022-09-07,36800,36900,36250,36350,778200,-0.020215633423180557
2022-09-08,37000,37450,36600,37450,1105809,0.030261348005502064
2022-09-13,37100,37400,36800,37050,833436,-0.010680907877169576
2022-09-14,36650,37050,36300,36400,879414,-0.01754385964912286
2022-09-15,36450,36500,35950,35950,944983,-0.012362637362637319
2022-09-16,35950,36150,35700,35900,751978,-0.0013908205841446364
2022-09-19,35900,35950,35550,35700,551447,-0.005571030640668551
2022-09-20,36000,36550,35850,36350,668701,0.0182072829131652
2022-09-21,36100,36850,36050,36550,792194,0.005502063273727709
2022-09-22,36300,36600,36100,36100,771405,-0.012311901504788003
2022-09-23,36050,36600,35950,36350,722034,0.006925207756232732
2022-09-26,36300,36800,36250,36800,992116,0.012379642365887289
2022-09-27,36600,36750,36200,36500,917949,-0.008152173913043459
2022-09-28,36350,36450,35250,35250,1102433,-0.03424657534246578
2022-09-29,35550,35850,35200,35550,804887,0.008510638297872353
2022-09-30,35650,36700,35600,36200,1145965,0.0182841068917019
2022-10-04,36400,36500,36000,36150,688880,-0.0013812154696132284
2022-10-05,36200,36250,35600,35900,850524,-0.006915629322268302
2022-10-06,35800,36050,35450,35450,724267,-0.012534818941504211
2022-10-07,35100,35150,34700,34750,963466,-0.019746121297602226
2022-10-11,34200,34450,33400,33900,1287409,-0.024460431654676262
2022-10-12,34000,34800,33900,34350,1112878,0.01327433628318575
2022-10-13,34200,34500,33900,33900,694188,-0.013100436681222738
2022-10-14,34150,34850,33900,34800,711077,0.026548672566371723
2022-10-17,34450,35300,34350,35000,591887,0.005747126436781658
2022-10-18,35400,35600,35100,35500,606440,0.014285714285714235
2022-10-19,35350,35550,35150,35250,551900,-0.007042253521126751
2022-10-20,35250,35550,35100,35350,494422,0.0028368794326241176
2022-10-21,35350,35950,35250,35750,480573,0.011315417256011262
2022-10-24,36000,36250,35650,35850,547231,0.002797202797202747
2022-10-25,35950,36200,35850,36000,493681,0.004184100418409997
2022-10-26,36050,36600,35950,36400,683669,0.011111111111111072
2022-10-27,36600,36650,36350,36600,718625,0.005494505494505475
2022-10-28,36500,36800,36300,36600,754543,0.0
2022-10-31,36600,36750,36200,36600,502086,0.0
2022-11-01,36600,36650,35700,35750,734457,-0.023224043715846965
2022-11-02,35750,36250,35100,36100,846709,0.009790209790209836
2022-11-03,35650,36150,35300,35800,741604,-0.008310249307479256
2022-11-04,35800,36700,35800,36500,660374,0.019553072625698276
2022-11-07,36550,36700,36100,36300,632913,-0.005479452054794498
2022-11-08,36500,36700,36050,36500,756094,0.005509641873278293
2022-11-09,36850,37700,36800,37000,950706,0.013698630136986356
2022-11-10,37300,37450,36550,36550,808435,-0.012162162162162149
2022-11-11,37050,37150,36300,36600,1380838,0.001367989056087593
2022-11-14,36600,36800,36350,36700,1071798,0.002732240437158362
2022-11-15,36750,36800,36300,36450,615778,-0.006811989100817484
2022-11-16,36400,36650,36250,36300,752081,-0.004115226337448541
2022-11-17,36150,36600,36150,36300,601811,0.0
2022-11-18,36350,36900,36200,36600,759452,0.008264462809917328
2022-11-21,36600,36750,35950,36550,710466,-0.001366120218579181
2022-11-22,36450,37200,36450,36850,748624,0.008207934336525335
2022-11-23,36900,37200,36750,37150,440681,0.008141112618724522
2022-11-24,36950,37150,36650,36650,705950,-0.013458950201884257
2022-11-25,36800,37200,36650,37100,439679,0.012278308321964637
2022-11-28,37050,37200,36900,37150,464790,0.0013477088948787852
2022-11-29,37200,37350,37000,37150,404190,0.0
2022-11-30,37000,37600,36350,37400,776390,0.006729475100942128
2022-12-01,37450,37500,37050,37400,640292,0.0
2022-12-02,37300,37750,37050,37450,768267,0.0013368983957218195
2022-12-05,37600,38100,37400,37550,1068050,0.002670226969292422
2022-12-06,37350,37650,37300,37300,677018,-0.0066577896138482195
2022-12-07,37600,37650,37300,37400,560199,0.002680965147453085
2022-12-08,37200,37600,37200,37600,1260567,0.005347593582887722
2022-12-09,37600,37750,37300,37700,715978,0.0026595744680850686
2022-12-12,37700,38000,37500,37950,698865,0.006631299734747964
2022-12-13,37950,37950,37550,37600,577108,-0.00922266139657446
2022-12-14,37700,37700,36900,37000,919480,-0.015957446808510634
2022-12-15,37050,37050,36650,36650,613162,-0.009459459459459474
2022-12-16,36400,36700,36300,36300,632006,-0.009549795361528002
2022-12-19,36350,36500,35950,36050,409404,-0.00688705234159781
2022-12-20,36050,36150,35600,35750,806365,-0.00832177531206657
2022-12-21,35850,36100,35450,35800,517776,0.0013986013986013734
2022-12-22,35900,36000,35300,35800,848424,0.0
2022-12-23,35900,36050,35700,35800,600129,0.0
2022-12-26,35800,36150,35800,36000,829204,0.005586592178770999
2022-12-27,36100,36400,36000,36300,1555270,0.008333333333333304
2022-12-28,34700,34700,33800,33850,1861568,-0.06749311294765836
2022-12-29,33800,34100,33300,33800,745365,-0.001477104874446078
2023-01-02,33800,33950,32500,32500,1069022,-0.038461538461538436
2023-01-03,32650,33500,31900,33350,802959,0.026153846153846194
2023-01-04,33500,34050,33400,33750,857358,0.011994002998500841
2023-01-05,33550,34000,33250,33750,630898,0.0
2023-01-06,33550,34200,33550,33950,722679,0.00592592592592589
2023-01-09,34250,34400,33950,34250,854348,0.008836524300441795
2023-01-10,34200,34450,34050,34250,659669,0.0
2023-01-11,34400,34450,34100,34300,625323,0.0014598540145984717
2023-01-12,34300,34550,34000,34000,1039564,-0.008746355685131157
2023-01-13,34200,34650,34150,34350,697105,0.010294117647058787
2023-01-16,34550,34800,34400,34650,424506,0.008733624454148492
2023-01-17,34600,34900,34400,34500,438246,-0.0043290043290042934
2023-01-18,34900,35800,34800,34900,1339032,0.011594202898550732
2023-01-19,35200,36400,35100,36050,1435165,0.03295128939828085
2023-01-20,36250,36600,35700,36250,552577,0.00554785020804438
2023-01-25,36250,36300,35900,36000,478877,-0.006896551724137945
2023-01-26,35900,36100,35250,35400,1000886,-0.01666666666666672
2023-01-27,35400,35700,35200,35500,839112,0.0028248587570620654
2023-01-30,35500,35550,35100,35200,766369,-0.008450704225352101
2023-01-31,34900,35400,34850,35050,792921,-0.0042613636363636465
2023-02-01,34900,35000,34350,34500,976047,-0.015691868758915817
2023-02-02,34650,35050,34550,34700,941206,0.005797101449275255
2023-02-03,34400,34450,32900,34300,2207294,-0.011527377521613813
2023-02-06,34150,34500,33850,34300,724886,0.0
2023-02-07,34000,34150,33700,33800,885037,-0.014577259475218707
2023-02-08,33800,33900,33500,33750,985290,-0.0014792899408283544
2023-02-09,33950,34950,33750,33950,1571352,0.00592592592592589
2023-02-10,34000,34050,33300,33500,1789509,-0.013254786450662692
2023-02-13,33300,33650,33150,33550,1337943,0.0014925373134329067
2023-02-14,33850,33900,33300,33350,1323394,-0.005961251862891204
2023-02-15,33450,33650,33000,33200,1030075,-0.004497751124437732
2023-02-16,33000,33050,31750,32250,2536287,-0.028614457831325324
2023-02-17,32150,32500,31850,32350,1590060,0.0031007751937983663
2023-02-20,32350,32850,32300,32850,938551,0.015455950540958163
2023-02-21,32650,32800,32250,32400,983130,-0.013698630136986356
2023-02-22,32200,32300,31900,32200,1070930,-0.006172839506172867
2023-02-23,32200,32250,31600,31700,1469534,-0.01552795031055898
2023-02-24,31500,31500,30250,30450,4433265,-0.039432176656151396
2023-02-27,30450,30550,29850,29950,2058108,-0.016420361247947435
2023-02-28,30000,30600,29800,30450,1577819,0.016694490818029983
2023-03-02,30900,30950,30300,30450,1152602,0.0
2023-03-03,30350,30550,30150,30450,869456,0.0
2023-03-06,30450,30650,30200,30500,935924,0.0016420361247948545
2023-03-07,30500,30900,30350,30800,1266161,0.009836065573770592
2023-03-08,30500,30500,30150,30200,970157,-0.01948051948051943
2023-03-09,30350,30850,30100,30650,1371999,0.01490066225165565
2023-03-10,30300,30550,29850,30050,1159190,-0.019575856443719397
2023-03-13,29650,29900,29500,29750,1152552,-0.009983361064891838
2023-03-14,29650,29700,29150,29250,1258823,-0.01680672268907568
2023-03-15,29450,30100,29450,30100,1000204,0.029059829059828957
2023-03-16,29900,29900,29500,29700,665384,-0.013289036544850474
2023-03-17,29850,30000,29250,29650,1006895,-0.0016835016835017313
2023-03-20,29800,30450,29800,30250,1012882,0.02023608768971341
2023-03-21,30450,30550,30200,30400,845960,0.0049586776859504855
2023-03-22,30550,30550,30300,30450,619912,0.00164473684210531
2023-03-23,30300,30300,29700,30050,1388679,-0.013136288998357948
2023-03-24,29750,30050,29600,29950,937227,-0.0033277870216306127
2023-03-27,30000,30350,29900,30200,861725,0.008347245409014992
2023-03-28,30300,30300,29850,30050,767770,-0.004966887417218513
2023-03-29,30050,30050,29000,29200,3201682,-0.028286189683860208
2023-03-30,29300,29350,28900,29000,3461410,-0.006849315068493178
2023-03-31,29000,29450,28850,29450,2383744,0.01551724137931032
2023-04-03,29600,29800,29450,29800,1041411,0.011884550084889645
2023-04-04,29850,30900,29800,30700,2042323,0.030201342281879207
2023-04-05,30750,31000,30400,30650,1204930,-0.0016286644951140072
2023-04-06,30750,30900,30500,30750,1119518,0.0032626427406199365
2023-04-07,30750,30850,30400,30700,727415,-0.001626016260162566
2023-04-10,30750,30900,30450,30700,944748,0.0
2023-04-11,30650,31050,30400,30900,889870,0.006514657980456029
2023-04-12,30750,30800,30500,30650,1301207,-0.008090614886731351
2023-04-13,30600,30850,30450,30450,1269867,-0.006525285481239762
2023-04-14,30500,30900,30450,30750,913727,0.009852216748768461
2023-04-17,30650,30950,30550,30900,877823,0.004878048780487809
2023-04-18,30900,31100,30600,30600,882541,-0.009708737864077666
2023-04-19,30600,30950,30550,30650,965694,0.0016339869281045694
2023-04-20,30600,30600,30250,30500,1129982,-0.004893964110929905
2023-04-21,30350,30600,30200,30600,1143220,0.003278688524590123
2023-04-24,30450,30500,29900,29900,1254764,-0.022875816993464082
2023-04-25,29950,30300,29850,30000,965687,0.0033444816053511683
2023-04-26,29800,30250,29800,30100,816380,0.0033333333333334103
2023-04-27,30050,30200,29700,29900,743379,-0.006644518272425293
2023-04-28,29950,30300,29900,30000,708465,0.0033444816053511683
2023-05-02,30000,30800,29950,30650,1170722,0.021666666666666723
2023-05-03,30550,30700,30450,30450,746626,-0.006525285481239762
2023-05-04,30400,30650,30300,30450,738300,0.0
2023-05-08,30450,30850,30400,30750,861027,0.009852216748768461
2023-05-09,30700,31350,30700,31250,1166889,0.016260162601626105
2023-05-10,31300,31650,31050,31350,1260951,0.0032000000000000917
2023-05-11,31400,31650,31250,31250,1172277,-0.0031897926634768536
2023-05-12,31450,32250,31400,31800,1861484,0.01760000000000006
2023-05-15,32000,32100,31800,32000,997876,0.0062893081761006275
2023-05-16,31900,32000,31050,31200,1294632,-0.025000000000000022
2023-05-17,31200,31400,30950,31100,684183,-0.0032051282051281937
2023-05-18,31150,31550,31150,31250,852761,0.004823151125401992
2023-05-19,31300,31650,31300,31350,1010382,0.0032000000000000917
2023-05-22,31350,31550,31200,31300,871475,-0.0015948963317384823
2023-05-23,31500,31550,31300,31350,664347,0.0015974440894568342
2023-05-24,31350,31550,31250,31300,636696,-0.0015948963317384823
2023-05-25,31250,31650,31200,31300,1136843,0.0
2023-05-26,31300,31550,31200,31300,957009,0.0
2023-05-30,31450,32050,31350,32000,1547835,0.022364217252396124
2023-05-31,31900,31950,31400,31550,6545416,-0.014062499999999978
2023-06-01,31550,31650,30550,30600,1534382,-0.030110935023771823
2023-06-02,30750,30900,30450,30600,964032,0.0
2023-06-05,30700,31050,30650,30850,564425,0.008169934640522847
2023-06-07,30850,31050,30700,30700,1157305,-0.004862236628849326
2023-06-08,30700,30750,30300,30400,1466769,-0.009771986970684043
2023-06-09,30550,30650,30200,30200,1020463,-0.006578947368421018
2023-06-12,30300,30650,30300,30500,798527,0.009933774834437026
2023-06-13,30650,30900,30600,30900,933483,0.013114754098360715
2023-06-14,30750,30850,30500,30550,631292,-0.01132686084142398
2023-06-15,30550,30800,30550,30750,568140,0.00654664484451728
2023-06-16,30750,30850,30500,30650,724793,-0.003252032520325243
2023-06-19,30650,30700,30500,30550,296304,-0.0032626427406199365
2023-06-20,30600,30850,30550,30750,489470,0.00654664484451728
2023-06-21,30800,30850,30550,30750,692261,0.0
2023-06-22,30800,30850,30650,30750,630629,0.0
2023-06-23,30700,30700,30300,30500,676961,-0.008130081300813052
2023-06-26,30550,30650,30300,30400,469937,-0.003278688524590123
2023-06-27,30350,30500,30300,30350,599601,-0.00164473684210531
2023-06-28,30400,30650,30400,30400,467315,0.0016474464579900872
2023-06-29,30350,30400,29700,29800,1074117,-0.019736842105263164
2023-06-30,29900,30050,29750,29800,527798,0.0
2023-07-03,29800,29950,29600,29750,653741,-0.001677852348993314
2023-07-04,29700,29750,29150,29250,1044725,-0.01680672268907568
2023-07-05,29250,29450,29100,29150,654324,-0.0034188034188034067
2023-07-06,29250,29500,29100,29500,937473,0.012006861063464935
2023-07-07,29350,29450,29050,29300,932348,-0.006779661016949157
2023-07-10,29250,29550,29100,29100,565013,-0.0068259385665528916
2023-07-11,29200,29250,29000,29050,716625,-0.0017182130584192379
2023-07-12,29250,29450,29100,29300,729418,0.008605851979345935
2023-07-13,29500,29800,29450,29700,748515,0.013651877133105783
2023-07-14,29800,29950,29550,29850,501122,0.005050505050504972
2023-07-17,29800,30000,29500,29550,471768,-0.01005025125628145
2023-07-18,29500,29550,29300,29300,380340,-0.008460236886632777
2023-07-19,29350,29550,29250,29400,369515,0.0034129692832765013
2023-07-20,29300,29500,29300,29400,506343,0.0
2023-07-21,29600,30100,29550,30000,1023194,0.020408163265306145
2023-07-24,30200,30200,29600,29900,651035,-0.0033333333333332993
2023-07-25,29900,30000,29450,29500,548125,-0.013377926421404673
2023-07-26,29400,29450,29000,29200,1034582,-0.01016949152542368
2023-07-27,29200,29950,29100,29900,644106,0.023972602739726012
2023-07-28,29850,29900,29450,29700,546011,-0.006688963210702337
2023-07-31,29650,29800,29450,29500,619933,-0.006734006734006703
2023-08-01,29650,31050,29600,31050,1846105,0.05254237288135588
2023-08-02,31050,31150,30400,30650,891051,-0.012882447665056307
2023-08-03,30700,31000,30400,30400,616210,-0.00815660685154973
2023-08-04,30500,30950,30300,30750,556131,0.011513157894736947
2023-08-07,30800,32450,30750,32000,2473928,0.04065040650406515
2023-08-08,32250,32300,31750,31950,1202078,-0.0015625000000000222
2023-08-09,32100,32200,31300,31900,946753,-0.0015649452269170805
2023-08-10,31650,32150,31400,31900,1076016,0.0
2023-08-11,32000,32400,31950,32300,681454,0.012539184952978122
2023-08-14,32250,32600,32100,32400,699236,0.003095975232198178
2023-08-16,32400,32500,32100,32500,777645,0.0030864197530864335
2023-08-17,32400,32450,32000,32350,717235,-0.004615384615384577
2023-08-18,32050,32750,32050,32650,767003,0.009273570324574987
2023-08-21,32650,32700,32350,32700,457897,0.0015313935681469104
2023-08-22,32650,32750,32300,32450,470662,-0.007645259938837912
2023-08-23,32300,32700,32150,32600,493059,0.0046224961479199855
2023-08-24,32550,32900,32400,32850,640652,0.0076687116564417845
2023-08-25,32550,33000,32550,33000,528806,0.004566210045662045
2023-08-28,33100,33250,32900,33250,488778,0.007575757575757569
2023-08-29,33250,33650,33100,33300,598734,0.0015037593984963404
2023-08-30,33500,33600,32950,33050,749344,-0.007507507507507505
2023-08-31,33050,33100,32600,33000,782235,-0.001512859304084735
2023-09-01,32500,32900,32100,32650,569276,-0.010606060606060619
2023-09-04,32400,32800,32400,32600,446110,-0.0015313935681470214
2023-09-05,32450,32700,32400,32450,379933,-0.004601226993865004
2023-09-06,32300,32350,31700,32050,866386,-0.012326656394452962
2023-09-07,31850,31950,31450,31950,664515,-0.0031201248049922414
2023-09-08,31900,32400,31600,32350,639927,0.012519561815336422
2023-09-11,31800,31800,30650,31200,2027288,-0.03554868624420404
2023-09-12,31050,31300,30800,30800,926182,-0.012820512820512775
2023-09-13,31000,31450,30950,31250,1272677,0.014610389610389518
2023-09-14,31400,32050,31200,32000,1049773,0.02400000000000002
2023-09-15,32200,32850,32050,32850,1117873,0.026562500000000044
2023-09-18,32750,32800,32150,32350,658295,-0.015220700152207
2023-09-19,32200,32350,31800,32250,731680,-0.0030911901081916993
2023-09-20,32350,32900,32300,32900,885604,0.020155038759689825
2023-09-21,32850,32950,32550,32800,804458,-0.003039513677811523
2023-09-22,32550,32850,32350,32650,502731,-0.004573170731707266
2023-09-25,32750,32900,32400,32900,516656,0.007656967840734996
2023-09-26,32550,32850,32250,32850,598143,-0.001519756838905817
2023-09-27,32550,33300,32550,33150,751054,0.009132420091324311
2023-10-04,33150,33400,33000,33150,1303095,0.0
2023-10-05,33150,33150,32450,32850,538044,-0.009049773755656076
2023-10-06,32850,32950,32550,32900,338822,0.0015220700152207556
2023-10-10,33450,33800,33200,33550,908165,0.019756838905775176
2023-10-11,33500,33800,33300,33500,706725,-0.0014903129657227732
2023-10-12,33600,33600,32650,33300,824366,-0.005970149253731294
2023-10-13,32800,32950,32350,32550,442247,-0.022522522522522515
2023-10-16,32500,32950,32300,32950,548718,0.01228878648233489
2023-10-17,33000,33400,32650,33350,517351,0.012139605462822445
2023-10-18,33450,33450,33100,33350,811485,0.0
2023-10-19,33150,33400,32800,33100,458704,-0.007496251874062998
2023-10-20,33000,33050,32600,32650,382738,-0.013595166163142047
2023-10-23,32950,32950,32350,32750,340416,0.003062787136294043
2023-10-24,32600,32650,32150,32500,503086,-0.007633587786259555
2023-10-25,32500,32650,32250,32350,410947,-0.004615384615384577
2023-10-26,32300,32600,32150,32400,553467,0.0015455950540959051
2023-10-27,32700,32700,32300,32400,374983,0.0
2023-10-30,32250,32600,32150,32400,320981,0.0
2023-10-31,32700,33000,32450,32650,575085,0.007716049382715973
2023-11-01,32650,33300,32500,33200,614350,0.016845329249617125
2023-11-02,33350,33500,32900,33250,607971,0.001506024096385561
2023-11-03,33250,33350,33050,33250,326728,0.0
2023-11-06,33200,33500,32750,33500,918195,0.007518796992481258
2023-11-07,33100,33150,32700,32700,726243,-0.023880597014925398
2023-11-08,33000,33150,32500,32600,575949,-0.003058103975535187
2023-11-09,32600,33000,32550,32950,649586,0.010736196319018454
2023-11-10,32750,33000,32600,32900,229325,-0.0015174506828528056
2023-11-13,33000,33050,32550,32850,530810,-0.001519756838905817
2023-11-14,33050,33150,32800,32950,366831,0.003044140030441511
2023-11-15,33150,33150,32800,33050,733779,0.003034901365705611
2023-11-16,32950,33150,32850,32950,223613,-0.00302571860816947
2023-11-17,32950,33300,32850,33050,394748,0.003034901365705611
2023-11-20,32950,33300,32850,33200,431302,0.004538577912254205
2023-11-21,33300,33300,32950,33250,346611,0.001506024096385561
2023-11-22,33000,33200,32950,32950,336425,-0.009022556390977488
2023-11-23,32950,33200,32950,33150,406566,0.006069802731411222
2023-11-24,33250,33250,32900,32900,285529,-0.007541478129713397
2023-11-27,33100,33250,32950,33100,385642,0.006079027355623046
2023-11-28,33250,33550,33250,33500,591743,0.012084592145015005
2023-11-29,33350,33500,33150,33300,370485,-0.005970149253731294
2023-11-30,33300,33550,32950,33550,1191590,0.007507507507507505
2023-12-01,33400,33550,33200,33250,378375,-0.008941877794336861
2023-12-04,33400,33600,33200,33600,449005,0.010526315789473717
2023-12-05,33550,34250,33550,33950,846938,0.01041666666666674
2023-12-06,34050,34600,34000,34450,832923,0.014727540500736325
2023-12-07,34250,34500,34050,34450,430492,0.0
2023-12-08,34550,34600,34350,34500,410261,0.0014513788098693414
2023-12-11,34600,35100,34500,35000,830372,0.01449275362318847
2023-12-12,35150,35200,35000,35000,884209,0.0
2023-12-13,35050,35550,35000,35450,739897,0.0128571428571429
2023-12-14,35850,36300,35650,36300,1686258,0.023977433004231274
2023-12-15,36200,36500,36100,36450,748916,0.004132231404958775
2023-12-18,36450,36500,35400,35450,810261,-0.027434842249657088
2023-12-19,35350,35650,35300,35650,463480,0.005641748942172065
2023-12-20,35750,36100,35750,35950,783263,0.008415147265077083
2023-12-21,35550,35750,35400,35750,628616,-0.0055632823365785455
2023-12-22,35750,35800,35200,35400,751774,-0.009790209790209836
2023-12-26,35500,35800,35050,35450,1878921,0.0014124293785311437
2023-12-27,33650,34000,33100,33500,1914020,-0.05500705218617774
2023-12-28,33600,34500,33550,34400,724624,0.02686567164179099
2024-01-02,33850,34350,33800,34150,608435,-0.007267441860465129
2024-01-03,33900,34250,33500,33600,684490,-0.016105417276720324
2024-01-04,33650,33900,33300,33550,478994,-0.0014880952380952328
2024-01-05,33250,33550,33250,33500,334395,-0.0014903129657227732
2024-01-08,33500,33850,33300,33650,368284,0.004477611940298498
2024-01-09,33950,33950,33500,33700,306649,0.0014858841010401136
2024-01-10,33700,33700,33450,33700,271456,0.0
2024-01-11,33700,33850,33450,33450,518440,-0.007418397626112738
2024-01-12,33500,33750,33300,33550,262218,0.002989536621823552
2024-01-15,33600,33650,33400,33550,266081,0.0
2024-01-16,33450,33550,33000,33150,344106,-0.011922503725782407
2024-01-17,33300,33400,32950,33300,362802,0.004524886877828038
2024-01-18,33400,33800,33200,33800,489997,0.01501501501501501
2024-01-19,33950,33950,33600,33750,352710,-0.0014792899408283544
2024-01-22,33850,33850,33500,33700,279104,-0.001481481481481528
2024-01-23,33800,33800,33300,33650,343205,-0.0014836795252225476
2024-01-24,33600,33700,33250,33700,445287,0.0014858841010401136
2024-01-25,33550,34500,33500,34200,531608,0.014836795252225476
2024-01-26,34300,35100,34200,34800,717318,0.01754385964912286
2024-01-29,35050,35200,34750,34750,512271,-0.001436781609195359
2024-01-30,35000,35250,34850,35100,531110,0.010071942446043147
2024-01-31,35100,35400,34950,35400,898524,0.008547008547008517
2024-02-01,35100,37000,35100,36900,1912993,0.04237288135593231
2024-02-02,37800,39100,37350,38550,2442529,0.04471544715447151
2024-02-05,38150,38400,37300,38000,1509744,-0.014267185473411104
2024-02-06,37650,38200,37550,37850,1155502,-0.003947368421052588
2024-02-07,38400,38900,38050,38150,1258413,0.00792602377807139
2024-02-08,38150,38200,37000,37650,1198879,-0.013106159895150737
2024-02-13,37900,38700,37800,38350,908809,0.01859229747675961
2024-02-14,37900,38300,37650,37850,709214,-0.013037809647979182
2024-02-15,38200,38500,38050,38450,659244,0.01585204755614278
2024-02-16,38750,39450,38500,39450,1046157,0.026007802340702213
2024-02-19,39700,42400,39650,42200,2049709,0.06970849176172367
2024-02-20,42200,42200,41100,41450,1095994,-0.017772511848341277
2024-02-21,40800,41000,39000,39500,1519696,-0.04704463208685161
2024-02-22,39750,40200,39150,39900,675913,0.010126582278481067
2024-02-23,40000,40350,39300,39400,639379,-0.01253132832080206
2024-02-26,39750,39800,38500,38700,591319,-0.017766497461928932
2024-02-27,38800,39100,37650,38100,716616,-0.015503875968992276
2024-02-28,37950,38650,37250,38400,852237,0.007874015748031482
2024-02-29,38200,39100,38200,39100,873016,0.01822916666666674
2024-03-04,39250,39750,38600,38600,591873,-0.012787723785166238
2024-03-05,38600,39450,38450,38900,649786,0.007772020725388629
2024-03-06,38800,39350,38650,39000,469190,0.0025706940874035134
2024-03-07,38900,39200,38700,39050,392806,0.0012820512820512775
2024-03-08,39050,39500,38600,38750,565329,-0.007682458386683688
2024-03-11,38500,38700,38200,38250,433982,-0.012903225806451646
2024-03-12,38600,38750,37650,37950,559280,-0.007843137254901933
2024-03-13,38150,38300,37800,38000,407925,0.0013175230566535578
2024-03-14,38450,38900,38250,38550,990675,0.014473684210526416
2024-03-15,38350,38600,37850,38250,741413,-0.0077821011673151474
2024-03-18,38650,38700,37900,38000,300766,-0.006535947712418277
2024-03-19,37650,37900,37300,37350,463014,-0.017105263157894735
2024-03-20,37600,37750,37150,37300,339179,-0.0013386880856760541
2024-03-21,37750,38650,37600,38350,643752,0.02815013404825728
2024-03-22,38450,39400,38450,38750,568380,0.010430247718383301
2024-03-25,38750,38750,37850,37850,492046,-0.023225806451612874
2024-03-26,38250,39100,38000,38800,515183,0.025099075297225992
2024-03-27,38150,38850,38150,38650,328026,-0.0038659793814432852
2024-03-28,38400,38650,37950,37950,443686,-0.018111254851228997
2024-03-29,38300,38450,37700,37700,277999,-0.006587615283267456
2024-04-01,38150,38150,37600,37700,225734,0.0
2024-04-02,37300,37550,36900,37000,704204,-0.018567639257294433
2024-04-03,36950,37000,36000,36050,668260,-0.025675675675675635
2024-04-04,36400,36650,36200,36350,408786,0.00832177531206657
2024-04-05,36000,36550,35900,36150,525240,-0.005502063273727598
2024-04-08,36150,37050,35700,36850,751062,0.019363762102351245
2024-04-09,36950,37100,36300,36400,272494,-0.012211668928086894
2024-04-11,35100,35750,34550,35400,1123217,-0.027472527472527486
2024-04-12,35050,35450,34300,34600,912532,-0.02259887005649719
2024-04-15,34300,34600,34050,34450,546411,-0.00433526011560692
2024-04-16,34400,34900,34000,34250,712700,-0.005805515239477477
2024-04-17,34300,34550,33400,33600,660749,-0.01897810218978102
2024-04-18,34000,34200,33350,33650,595434,0.0014880952380953438
2024-04-19,33350,33650,33000,33300,773900,-0.010401188707280795
2024-04-22,33850,34650,33750,34300,695549,0.03003003003003002
2024-04-23,34350,34850,34200,34550,476712,0.007288629737609353
2024-04-24,34950,35200,34500,34650,487124,0.0028943560057888007
2024-04-25,34250,34400,33950,34100,460462,-0.015873015873015928
2024-04-26,34200,34600,33850,34500,475488,0.011730205278592365
2024-04-29,34800,34950,34500,34600,434261,0.0028985507246377384
2024-04-30,34500,34850,34500,34600,550251,0.0
2024-05-02,34600,34850,34550,34600,640334,0.0
2024-05-03,34750,34800,34300,34500,569625,-0.0028901734104046506
2024-05-07,34800,35850,34750,35600,918936,0.03188405797101446
2024-05-08,35800,35900,35350,35400,492090,-0.005617977528089901
2024-05-09,35650,36100,35350,35650,736719,0.007062146892655274
2024-05-10,36400,36650,35800,35800,721321,0.004207573632538653
2024-05-13,36000,36250,35700,35800,372289,0.0
2024-05-14,36000,37100,35800,36550,838398,0.020949720670391025
2024-05-16,37150,38250,36950,37700,1245646,0.03146374829001375
2024-05-17,37250,37700,36950,37250,650395,-0.011936339522546469
2024-05-20,37600,37650,36900,37100,471588,-0.004026845637583931
2024-05-21,36600,37100,36500,36800,225333,-0.008086253369272267
2024-05-22,37150,38100,37000,37050,344675,0.006793478260869623
2024-05-23,36650,36650,36250,36250,317933,-0.021592442645074206
2024-05-24,36050,36500,36000,36350,365719,0.0027586206896552667
2024-05-27,36550,36850,36300,36600,257754,0.00687757909215958
2024-05-28,36450,36750,36150,36150,269091,-0.012295081967213073
2024-05-29,35800,36400,35650,36000,432178,-0.004149377593360981
2024-05-30,35700,36700,35700,36150,482431,0.004166666666666652
2024-05-31,36700,37700,36600,36600,3133306,0.012448132780082943
2024-06-03,36850,37550,36750,37250,648472,0.01775956284153013
2024-06-04,36650,36900,36300,36450,582284,-0.02147651006711404
2024-06-05,36650,37000,36550,36750,762426,0.008230452674897082
2024-06-07,36650,37250,36600,37150,832008,0.010884353741496655
2024-06-10,36700,37250,36650,36800,287902,-0.009421265141319024
2024-06-11,36800,37250,36750,36800,430147,0.0
2024-06-12,36700,37000,36550,36800,514967,0.0
2024-06-13,37000,37400,36250,36350,932513,-0.012228260869565188
2024-06-14,36250,36700,36100,36400,625746,0.0013755158184318717
2024-06-17,36250,36650,36100,36200,256454,-0.005494505494505475
2024-06-18,36200,36450,36000,36300,379229,0.0027624309392264568
2024-06-19,36500,36850,36200,36400,398997,0.0027548209366390353
2024-06-20,36350,36750,36350,36500,254847,0.0027472527472527375
2024-06-21,36700,37000,36500,37000,530781,0.013698630136986356
2024-06-24,36800,37150,36500,36850,377568,-0.004054054054054013
2024-06-25,37200,37500,37000,37250,449477,0.01085481682496603
2024-06-26,37150,37250,36750,37200,447280,-0.0013422818791946067
2024-06-27,36800,36800,36150,36450,605689,-0.020161290322580627
2024-06-28,36500,37400,36500,37400,485907,0.026063100137174278
2024-07-01,37350,37400,36750,36900,260635,-0.013368983957219305
2024-07-02,36500,36750,36150,36250,412142,-0.017615176151761558
2024-07-03,36400,36750,36300,36500,314016,0.006896551724137945
2024-07-04,36500,36750,36150,36550,463494,0.00136986301369868
2024-07-05,36550,36750,36250,36350,415919,-0.005471956224350261
2024-07-08,36250,36450,36000,36000,379847,-0.009628610729023435
2024-07-09,36300,36400,35900,36150,366289,0.004166666666666652
2024-07-10,35900,36200,35850,36000,312122,-0.004149377593360981
2024-07-11,36350,36700,36200,36700,473091,0.019444444444444375
2024-07-12,36700,36750,36200,36500,399553,-0.00544959128065392
2024-07-15,36650,36700,36250,36300,204371,-0.005479452054794498
2024-07-16,36350,36650,36200,36500,238648,0.005509641873278293
2024-07-17,36600,36800,36400,36500,329732,0.0
2024-07-18,36800,37900,36650,37900,1164342,0.03835616438356171
2024-07-19,37500,37550,36750,37100,377854,-0.02110817941952503
2024-07-22,37050,37800,36950,37500,452969,0.010781671159029615
2024-07-23,37650,38100,37650,37900,349862,0.010666666666666602
2024-07-24,37600,37900,37400,37700,302728,-0.00527704485488123
2024-07-25,37900,38750,37700,37950,761575,0.006631299734747964
2024-07-26,38050,38800,38000,38650,485920,0.01844532279314892
2024-07-29,38700,39300,38500,39100,450863,0.011642949547218562
2024-07-30,38750,39450,38350,38950,475185,-0.0038363171355498826
2024-07-31,39100,39900,38900,39850,772348,0.02310654685494229
2024-08-01,39500,40000,38650,38750,727234,-0.027603513174404015
2024-08-02,38400,39200,38150,38850,663751,0.002580645161290418
2024-08-05,38950,39400,36600,37050,996537,-0.04633204633204635
2024-08-06,38350,38400,36400,36550,1089085,-0.013495276653171406
2024-08-07,36200,38200,36150,37800,640328,0.03419972640218871
2024-08-08,37500,39400,37450,39250,994104,0.03835978835978837
2024-08-09,38750,38850,37800,38100,618451,-0.029299363057324834
2024-08-12,38400,38450,37400,38000,380832,-0.002624671916010457
2024-08-13,37750,39000,37750,38700,547174,0.018421052631578894
2024-08-14,38550,38700,37900,38300,418197,-0.01033591731266148
2024-08-16,38650,38800,37900,37900,475540,-0.010443864229765065
2024-08-19,38000,38350,37900,38250,245609,0.00923482849604218
2024-08-20,38300,39050,38200,38700,348906,0.0117647058823529
2024-08-21,39000,39450,38700,39150,456982,0.011627906976744207
2024-08-22,39200,39400,38900,39300,253439,0.003831417624521105
2024-08-23,39600,39950,39300,39600,539439,0.007633587786259444
2024-08-26,39500,39950,39400,39900,303972,0.007575757575757569
2024-08-27,40100,40150,39850,40100,447809,0.005012531328320913
2024-08-28,40000,40050,38900,39300,515181,-0.01995012468827928
2024-08-29,39300,39300,38900,39000,336995,-0.007633587786259555
2024-08-30,39050,39150,38550,38600,632942,-0.01025641025641022
2024-09-02,38950,39400,38800,39100,391626,0.012953367875647714
2024-09-03,39400,40500,39300,40200,980318,0.028132992327365658
2024-09-04,40150,40450,39600,39800,940902,-0.00995024875621886
2024-09-05,40000,41800,39850,41200,1315504,0.035175879396984966
2024-09-06,41200,41800,40950,41200,991964,0.0
2024-09-09,40900,41700,40900,41400,1048158,0.004854368932038833
2024-09-10,41400,41450,40850,41100,546614,-0.007246376811594235
2024-09-11,41400,41900,40950,41250,674844,0.0036496350364962904
2024-09-12,41300,41500,40600,41450,828387,0.00484848484848488
2024-09-13,41450,42050,41150,42050,598481,0.014475271411338975
2024-09-19,42250,42400,40750,41700,687715,-0.008323424494649179
2024-09-20,41550,42000,40400,41800,1057023,0.0023980815347721673
2024-09-23,41800,41850,41000,41350,628765,-0.010765550239234423
2024-09-24,41400,41500,40950,41400,348237,0.0012091898428052694
2024-09-25,41850,41900,40500,40500,688527,-0.021739130434782594
2024-09-26,40550,41500,40150,41500,905663,0.024691358024691468
2024-09-27,41500,41500,40100,40300,944997,-0.028915662650602414
2024-09-30,41100,41650,40100,40200,873763,-0.002481389578163795
2024-10-02,39750,39950,39350,39750,689431,-0.011194029850746245
2024-10-04,40100,40900,39700,40800,533935,0.026415094339622636
2024-10-07,40650,41050,40150,41050,439256,0.006127450980392135
2024-10-08,40800,40950,40000,40150,471341,-0.02192448233861144
2024-10-10,41000,41100,40300,40300,497129,0.0037359900373599153
2024-10-11,40800,41150,39900,40200,454691,-0.002481389578163795
2024-10-14,40350,40900,40250,40900,521649,0.017412935323383172
2024-10-15,41000,41150,40700,41000,427492,0.0024449877750611915
2024-10-16,41150,42700,40800,42700,1251909,0.04146341463414638
2024-10-17,42700,43350,42450,42800,634114,0.0023419203747072626
2024-10-18,43300,44300,42700,42900,973119,0.002336448598130758
2024-10-21,43000,43550,42600,42950,345796,0.0011655011655011815
2024-10-22,42800,44150,42650,44000,968341,0.024447031431897637
2024-10-23,43650,43900,42650,42700,391716,-0.02954545454545454
2024-10-24,43100,43800,42850,43800,535842,0.025761124121779888
2024-10-25,44100,44200,43250,44200,670316,0.009132420091324311
2024-10-28,44150,44400,43200,43750,394777,-0.010180995475113086
2024-10-29,43700,43950,43400,43750,396504,0.0
2024-10-30,43700,44350,43300,44350,669106,0.01371428571428579
2024-10-31,44200,44350,43750,44350,727675,0.0
2024-11-01,44200,44500,44000,44300,565415,-0.0011273957158962622
2024-11-04,43900,44400,43850,44100,394392,-0.004514672686230292
2024-11-05,44000,44100,43000,43050,339517,-0.023809523809523836
2024-11-06,42900,44100,42900,43900,685404,0.019744483159117365
2024-11-07,43500,43800,42850,42850,952109,-0.023917995444191376
2024-11-08,43350,43700,40900,41100,4935193,-0.040840140023337246
2024-11-11,41500,44950,41500,44400,2687086,0.08029197080291972
2024-11-12,43650,44400,43300,43500,661746,-0.020270270270270285
2024-11-13,42900,43400,42500,42600,873207,-0.020689655172413834
2024-11-14,43050,43200,41150,41150,1320149,-0.034037558685446
2024-11-15,41750,42700,41400,41500,633204,0.008505467800729027
2024-11-18,42100,42650,41400,41800,881993,0.0072289156626506035
2024-11-19,41750,42250,41250,41750,1032839,-0.0011961722488038617
2024-11-20,41750,43650,41700,43300,1325662,0.037125748502994105
2024-11-21,43300,44750,43300,44000,1126037,0.01616628175519641
2024-11-22,44600,45150,44200,44500,803429,0.011363636363636465
2024-11-25,44950,45050,44200,44800,861708,0.006741573033707926
2024-11-26,45050,46100,45000,45500,1261175,0.015625
2024-11-27,47000,47600,46100,47600,1353771,0.04615384615384621
2024-11-28,47950,48900,47750,48850,1154966,0.02626050420168058
2024-11-29,48600,49200,47650,48800,1006983,-0.0010235414534288667
2024-12-02,49000,50000,49000,49000,880049,0.004098360655737654
2024-12-03,49600,49800,48650,48650,704055,-0.0071428571428571175
2024-12-04,47950,50000,47850,47850,3183782,-0.016443987667009274
2024-12-05,48150,48700,46600,47700,1048702,-0.0031347962382445305
2024-12-06,48000,48800,45000,45300,1245087,-0.05031446540880502
2024-12-09,44600,44700,43650,44300,710510,-0.02207505518763797
2024-12-10,44800,46000,43800,43850,1031268,-0.010158013544018019
2024-12-11,44100,44750,43750,44600,1055352,0.01710376282782211
2024-12-12,44800,45000,44250,44250,772083,-0.007847533632286963
